Date,SDGE,Year,Dates,Month,Day,Week_day,Season,Holiday,Non_working
2019-01-01,48485.355385040675,2019,2019-01-01,1,1,Tuesday,winter,1,non-working
2019-01-02,56532.90157281052,2019,2019-01-02,1,2,Wednesday,winter,0,working
2019-01-03,57024.67562350869,2019,2019-01-03,1,3,Thursday,winter,0,working
2019-01-04,56456.88814782031,2019,2019-01-04,1,4,Friday,winter,0,working
2019-01-05,55838.51371972455,2019,2019-01-05,1,5,Saturday,winter,0,non-working
2019-01-06,49997.0799157282,2019,2019-01-06,1,6,Sunday,winter,0,non-working
2019-01-07,53903.54916617875,2019,2019-01-07,1,7,Monday,winter,0,working
2019-01-08,53043.94868111245,2019,2019-01-08,1,8,Tuesday,winter,0,working
2019-01-09,52996.25037676555,2019,2019-01-09,1,9,Wednesday,winter,0,working
2019-01-10,52836.295124188735,2019,2019-01-10,1,10,Thursday,winter,0,working
2019-01-11,53224.9767794598,2019,2019-01-11,1,11,Friday,winter,0,working
2019-01-12,50237.536912703305,2019,2019-01-12,1,12,Saturday,winter,0,non-working
2019-01-13,50849.19570800102,2019,2019-01-13,1,13,Sunday,winter,0,non-working
2019-01-14,58086.938872924744,2019,2019-01-14,1,14,Monday,winter,0,working
2019-01-15,54869.13380336787,2019,2019-01-15,1,15,Tuesday,winter,0,working
2019-01-16,53311.300612655104,2019,2019-01-16,1,16,Wednesday,winter,0,working
2019-01-17,55926.74281093545,2019,2019-01-17,1,17,Thursday,winter,0,working
2019-01-18,51641.71493938507,2019,2019-01-18,1,18,Friday,winter,0,working
2019-01-19,47388.272764586756,2019,2019-01-19,1,19,Saturday,winter,0,non-working
2019-01-20,46727.75339557495,2019,2019-01-20,1,20,Sunday,winter,0,non-working
2019-01-21,50956.04652433541,2019,2019-01-21,1,21,Monday,winter,1,non-working
2019-01-22,53877.13959177006,2019,2019-01-22,1,22,Tuesday,winter,0,working
2019-01-23,53946.25702298498,2019,2019-01-23,1,23,Wednesday,winter,0,working
2019-01-24,53758.89097258169,2019,2019-01-24,1,24,Thursday,winter,0,working
2019-01-25,52125.8229091055,2019,2019-01-25,1,25,Friday,winter,0,working
2019-01-26,48171.08389357146,2019,2019-01-26,1,26,Saturday,winter,0,non-working
2019-01-27,46555.983793993,2019,2019-01-27,1,27,Sunday,winter,0,non-working
2019-01-28,52483.251515289485,2019,2019-01-28,1,28,Monday,winter,0,working
2019-01-29,54145.920520189306,2019,2019-01-29,1,29,Tuesday,winter,0,working
2019-01-30,51748.012384255526,2019,2019-01-30,1,30,Wednesday,winter,0,working
2019-01-31,54497.49591018869,2019,2019-01-31,1,31,Thursday,winter,0,working
2019-02-01,55065.1217530218,2019,2019-02-01,2,1,Friday,winter,0,working
2019-02-02,52659.98136303577,2019,2019-02-02,2,2,Saturday,winter,0,non-working
2019-02-03,48783.477501673726,2019,2019-02-03,2,3,Sunday,winter,0,non-working
2019-02-04,55184.86311513629,2019,2019-02-04,2,4,Monday,winter,0,working
2019-02-05,55767.04381493445,2019,2019-02-05,2,5,Tuesday,winter,0,working
2019-02-06,53940.203092782715,2019,2019-02-06,2,6,Wednesday,winter,0,working
2019-02-07,54640.47120626991,2019,2019-02-07,2,7,Thursday,winter,0,working
2019-02-08,52439.49074198906,2019,2019-02-08,2,8,Friday,winter,0,working
2019-02-09,50999.98462480452,2019,2019-02-09,2,9,Saturday,winter,0,non-working
2019-02-10,49687.95830608375,2019,2019-02-10,2,10,Sunday,winter,0,non-working
2019-02-11,53945.88887745536,2019,2019-02-11,2,11,Monday,winter,0,working
2019-02-12,54369.94848981465,2019,2019-02-12,2,12,Tuesday,winter,0,working
2019-02-13,55819.357638047586,2019,2019-02-13,2,13,Wednesday,winter,0,working
2019-02-14,57652.29097498901,2019,2019-02-14,2,14,Thursday,winter,0,working
2019-02-15,52349.00121639829,2019,2019-02-15,2,15,Friday,winter,0,working
2019-02-16,46691.26509389464,2019,2019-02-16,2,16,Saturday,winter,0,non-working
2019-02-17,47234.37740961874,2019,2019-02-17,2,17,Sunday,winter,0,non-working
2019-02-18,50678.25361806741,2019,2019-02-18,2,18,Monday,winter,1,non-working
2019-02-19,54156.85870566152,2019,2019-02-19,2,19,Tuesday,winter,0,working
2019-02-20,59010.15033135062,2019,2019-02-20,2,20,Wednesday,winter,0,working
2019-02-21,57958.37023396297,2019,2019-02-21,2,21,Thursday,winter,0,working
2019-02-22,53503.76267488358,2019,2019-02-22,2,22,Friday,winter,0,working
2019-02-23,47808.205945967326,2019,2019-02-23,2,23,Saturday,winter,0,non-working
2019-02-24,47244.01435322738,2019,2019-02-24,2,24,Sunday,winter,0,non-working
2019-02-25,50593.070187573365,2019,2019-02-25,2,25,Monday,winter,0,working
2019-02-26,51858.60534178844,2019,2019-02-26,2,26,Tuesday,winter,0,working
2019-02-27,50524.469434396626,2019,2019-02-27,2,27,Wednesday,winter,0,working
2019-02-28,49912.724180108686,2019,2019-02-28,2,28,Thursday,winter,0,working
2019-03-01,49300.193125950915,2019,2019-03-01,3,1,Friday,winter,0,working
2019-03-02,50369.773627345465,2019,2019-03-02,3,2,Saturday,winter,0,non-working
2019-03-03,46858.19133676857,2019,2019-03-03,3,3,Sunday,winter,0,non-working
2019-03-04,51077.00496663523,2019,2019-03-04,3,4,Monday,winter,0,working
2019-03-05,50843.14287852246,2019,2019-03-05,3,5,Tuesday,winter,0,working
2019-03-06,53425.43439759292,2019,2019-03-06,3,6,Wednesday,winter,0,working
2019-03-07,50093.7206980564,2019,2019-03-07,3,7,Thursday,winter,0,working
2019-03-08,49005.33209869012,2019,2019-03-08,3,8,Friday,winter,0,working
2019-03-09,47283.65997790918,2019,2019-03-09,3,9,Saturday,winter,0,non-working
2019-03-10,46267.30984243954,2019,2019-03-10,3,10,Sunday,winter,0,non-working
2019-03-11,55675.84189601953,2019,2019-03-11,3,11,Monday,winter,0,working
2019-03-12,49634.146632318734,2019,2019-03-12,3,12,Tuesday,winter,0,working
2019-03-13,48198.971007415224,2019,2019-03-13,3,13,Wednesday,winter,0,working
2019-03-14,48703.94756199028,2019,2019-03-14,3,14,Thursday,winter,0,working
2019-03-15,48866.347818240305,2019,2019-03-15,3,15,Friday,winter,0,working
2019-03-16,44609.23682847823,2019,2019-03-16,3,16,Saturday,winter,0,non-working
2019-03-17,43912.12220029173,2019,2019-03-17,3,17,Sunday,winter,0,non-working
2019-03-18,48286.85328691284,2019,2019-03-18,3,18,Monday,winter,0,working
2019-03-19,47413.793471633624,2019,2019-03-19,3,19,Tuesday,winter,0,working
2019-03-20,50522.99054456803,2019,2019-03-20,3,20,Wednesday,winter,0,working
2019-03-21,50940.617786871066,2019,2019-03-21,3,21,Thursday,winter,0,working
2019-03-22,48017.307141935176,2019,2019-03-22,3,22,Friday,winter,0,working
2019-03-23,44591.729532845595,2019,2019-03-23,3,23,Saturday,winter,0,non-working
2019-03-24,42690.20054613715,2019,2019-03-24,3,24,Sunday,winter,0,non-working
2019-03-25,47711.598109954866,2019,2019-03-25,3,25,Monday,winter,0,working
2019-03-26,49312.733062378145,2019,2019-03-26,3,26,Tuesday,winter,0,working
2019-03-27,49187.05713680482,2019,2019-03-27,3,27,Wednesday,winter,0,working
2019-03-28,47535.71590484404,2019,2019-03-28,3,28,Thursday,winter,0,working
2019-03-29,47892.62491237548,2019,2019-03-29,3,29,Friday,winter,0,working
2019-03-30,44248.22393579045,2019,2019-03-30,3,30,Saturday,winter,0,non-working
2019-03-31,44293.72026976125,2019,2019-03-31,3,31,Sunday,winter,0,non-working
2019-04-01,51038.21507551877,2019,2019-04-01,4,1,Monday,winter,0,working
2019-04-02,46961.0926252718,2019,2019-04-02,4,2,Tuesday,winter,0,working
2019-04-03,47943.59651744476,2019,2019-04-03,4,3,Wednesday,winter,0,working
2019-04-04,48211.68466561968,2019,2019-04-04,4,4,Thursday,winter,0,working
2019-04-05,48131.15897878643,2019,2019-04-05,4,5,Friday,winter,0,working
2019-04-06,43879.37408828173,2019,2019-04-06,4,6,Saturday,winter,0,non-working
2019-04-07,43617.98702726448,2019,2019-04-07,4,7,Sunday,winter,0,non-working
2019-04-08,51769.62520252361,2019,2019-04-08,4,8,Monday,winter,0,working
2019-04-09,49369.645640564006,2019,2019-04-09,4,9,Tuesday,winter,0,working
2019-04-10,46190.16778902797,2019,2019-04-10,4,10,Wednesday,winter,0,working
2019-04-11,47146.914418321365,2019,2019-04-11,4,11,Thursday,winter,0,working
2019-04-12,46275.69607541716,2019,2019-04-12,4,12,Friday,winter,0,working
2019-04-13,42974.47468628292,2019,2019-04-13,4,13,Saturday,winter,0,non-working
2019-04-14,42153.29584206577,2019,2019-04-14,4,14,Sunday,winter,0,non-working
2019-04-15,46251.84588703385,2019,2019-04-15,4,15,Monday,winter,0,working
2019-04-16,49407.41977905022,2019,2019-04-16,4,16,Tuesday,winter,0,working
2019-04-17,47372.18297670699,2019,2019-04-17,4,17,Wednesday,winter,0,working
2019-04-18,49104.6572161676,2019,2019-04-18,4,18,Thursday,winter,0,working
2019-04-19,48544.710626396205,2019,2019-04-19,4,19,Friday,winter,0,working
2019-04-20,44144.77745087177,2019,2019-04-20,4,20,Saturday,winter,0,non-working
2019-04-21,41214.64737294892,2019,2019-04-21,4,21,Sunday,winter,0,non-working
2019-04-22,47470.96730180665,2019,2019-04-22,4,22,Monday,winter,0,working
2019-04-23,48786.19434302933,2019,2019-04-23,4,23,Tuesday,winter,0,working
2019-04-24,49780.0818411974,2019,2019-04-24,4,24,Wednesday,winter,0,working
2019-04-25,49678.7319159904,2019,2019-04-25,4,25,Thursday,winter,0,working
2019-04-26,46369.666020265315,2019,2019-04-26,4,26,Friday,winter,0,working
2019-04-27,44570.71226135534,2019,2019-04-27,4,27,Saturday,winter,0,non-working
2019-04-28,44443.27738500022,2019,2019-04-28,4,28,Sunday,winter,0,non-working
2019-04-29,50331.11335298754,2019,2019-04-29,4,29,Monday,winter,0,working
2019-04-30,51243.33347259086,2019,2019-04-30,4,30,Tuesday,winter,0,working
2019-05-01,48018.926493918596,2019,2019-05-01,5,1,Wednesday,winter,0,working
2019-05-02,49158.83340997943,2019,2019-05-02,5,2,Thursday,winter,0,working
2019-05-03,48998.32030826078,2019,2019-05-03,5,3,Friday,winter,0,working
2019-05-04,44176.381327449155,2019,2019-05-04,5,4,Saturday,winter,0,non-working
2019-05-05,42506.74101060243,2019,2019-05-05,5,5,Sunday,winter,0,non-working
2019-05-06,48712.0848217557,2019,2019-05-06,5,6,Monday,winter,0,working
2019-05-07,49949.61801105073,2019,2019-05-07,5,7,Tuesday,winter,0,working
2019-05-08,51399.87922968783,2019,2019-05-08,5,8,Wednesday,winter,0,working
2019-05-09,50602.46468692344,2019,2019-05-09,5,9,Thursday,winter,0,working
2019-05-10,50274.82352047115,2019,2019-05-10,5,10,Friday,winter,0,working
2019-05-11,45429.38381168006,2019,2019-05-11,5,11,Saturday,winter,0,non-working
2019-05-12,42852.52461871071,2019,2019-05-12,5,12,Sunday,winter,0,non-working
2019-05-13,50230.18860005516,2019,2019-05-13,5,13,Monday,winter,0,working
2019-05-14,49742.8117607781,2019,2019-05-14,5,14,Tuesday,winter,0,working
2019-05-15,51670.62520609808,2019,2019-05-15,5,15,Wednesday,winter,0,working
2019-05-16,49197.93838404323,2019,2019-05-16,5,16,Thursday,winter,0,working
2019-05-17,46560.96063825472,2019,2019-05-17,5,17,Friday,winter,0,working
2019-05-18,42971.56502363291,2019,2019-05-18,5,18,Saturday,winter,0,non-working
2019-05-19,45156.80108771181,2019,2019-05-19,5,19,Sunday,winter,0,non-working
2019-05-20,46924.96917356237,2019,2019-05-20,5,20,Monday,winter,0,working
2019-05-21,48969.62410462903,2019,2019-05-21,5,21,Tuesday,winter,0,working
2019-05-22,47977.99774769755,2019,2019-05-22,5,22,Wednesday,winter,0,working
2019-05-23,50648.21138884965,2019,2019-05-23,5,23,Thursday,winter,0,working
2019-05-24,45334.04231947504,2019,2019-05-24,5,24,Friday,winter,0,working
2019-05-25,43006.25068705132,2019,2019-05-25,5,25,Saturday,winter,0,non-working
2019-05-26,45142.11146952385,2019,2019-05-26,5,26,Sunday,winter,0,non-working
2019-05-27,41563.19433401432,2019,2019-05-27,5,27,Monday,winter,1,non-working
2019-05-28,45910.48659943357,2019,2019-05-28,5,28,Tuesday,winter,0,working
2019-05-29,47448.473714560656,2019,2019-05-29,5,29,Wednesday,winter,0,working
2019-05-30,48570.814886373126,2019,2019-05-30,5,30,Thursday,winter,0,working
2019-05-31,48864.68811733642,2019,2019-05-31,5,31,Friday,winter,0,working
2019-06-01,45655.63060357636,2019,2019-06-01,6,1,Saturday,summer,0,non-working
2019-06-02,44824.19322060264,2019,2019-06-02,6,2,Sunday,summer,0,non-working
2019-06-03,50821.36168295788,2019,2019-06-03,6,3,Monday,summer,0,working
2019-06-04,50601.62358040143,2019,2019-06-04,6,4,Tuesday,summer,0,working
2019-06-05,50997.53612217808,2019,2019-06-05,6,5,Wednesday,summer,0,working
2019-06-06,50902.90753383564,2019,2019-06-06,6,6,Thursday,summer,0,working
2019-06-07,49751.68060539999,2019,2019-06-07,6,7,Friday,summer,0,working
2019-06-08,44525.59743923989,2019,2019-06-08,6,8,Saturday,summer,0,non-working
2019-06-09,45449.9658194751,2019,2019-06-09,6,9,Sunday,summer,0,non-working
2019-06-10,56520.41830711863,2019,2019-06-10,6,10,Monday,summer,0,working
2019-06-11,57277.49405083416,2019,2019-06-11,6,11,Tuesday,summer,0,working
2019-06-12,55092.17450025793,2019,2019-06-12,6,12,Wednesday,summer,0,working
2019-06-13,52384.264962429574,2019,2019-06-13,6,13,Thursday,summer,0,working
2019-06-14,48750.85386160235,2019,2019-06-14,6,14,Friday,summer,0,working
2019-06-15,46386.038053957884,2019,2019-06-15,6,15,Saturday,summer,0,non-working
2019-06-16,47204.534984807346,2019,2019-06-16,6,16,Sunday,summer,0,non-working
2019-06-17,52540.759012026676,2019,2019-06-17,6,17,Monday,summer,0,working
2019-06-18,51049.9289536869,2019,2019-06-18,6,18,Tuesday,summer,0,working
2019-06-19,50558.107905921745,2019,2019-06-19,6,19,Wednesday,summer,0,working
2019-06-20,51124.97996359355,2019,2019-06-20,6,20,Thursday,summer,0,working
2019-06-21,50269.35581787766,2019,2019-06-21,6,21,Friday,summer,0,working
2019-06-22,46901.769240785856,2019,2019-06-22,6,22,Saturday,summer,0,non-working
2019-06-23,47276.875905440764,2019,2019-06-23,6,23,Sunday,summer,0,non-working
2019-06-24,52522.35797627346,2019,2019-06-24,6,24,Monday,summer,0,working
2019-06-25,52675.11015041284,2019,2019-06-25,6,25,Tuesday,summer,0,working
2019-06-26,50328.05525957014,2019,2019-06-26,6,26,Wednesday,summer,0,working
2019-06-27,50997.211602195115,2019,2019-06-27,6,27,Thursday,summer,0,working
2019-06-28,51134.87220116294,2019,2019-06-28,6,28,Friday,summer,0,working
2019-06-29,49635.047660855154,2019,2019-06-29,6,29,Saturday,summer,0,non-working
2019-06-30,50019.30562300666,2019,2019-06-30,6,30,Sunday,summer,0,non-working
2019-07-01,54694.40347015209,2019,2019-07-01,7,1,Monday,summer,0,working
2019-07-02,53027.30111265681,2019,2019-07-02,7,2,Tuesday,summer,0,working
2019-07-03,51039.17075620713,2019,2019-07-03,7,3,Wednesday,summer,0,working
2019-07-04,46121.65365014552,2019,2019-07-04,7,4,Thursday,summer,1,non-working
2019-07-05,50244.63213868212,2019,2019-07-05,7,5,Friday,summer,0,working
2019-07-06,48212.46820002446,2019,2019-07-06,7,6,Saturday,summer,0,non-working
2019-07-07,46415.167747227606,2019,2019-07-07,7,7,Sunday,summer,0,non-working
2019-07-08,51876.98965286353,2019,2019-07-08,7,8,Monday,summer,0,working
2019-07-09,53767.97753750601,2019,2019-07-09,7,9,Tuesday,summer,0,working
2019-07-10,55132.56457328787,2019,2019-07-10,7,10,Wednesday,summer,0,working
2019-07-11,56889.26799259448,2019,2019-07-11,7,11,Thursday,summer,0,working
2019-07-12,57094.776899370714,2019,2019-07-12,7,12,Friday,summer,0,working
2019-07-13,53003.70046267939,2019,2019-07-13,7,13,Saturday,summer,0,non-working
2019-07-14,51698.273808249854,2019,2019-07-14,7,14,Sunday,summer,0,non-working
2019-07-15,60201.9251455325,2019,2019-07-15,7,15,Monday,summer,0,working
2019-07-16,57729.64561926176,2019,2019-07-16,7,16,Tuesday,summer,0,working
2019-07-17,55156.85811114639,2019,2019-07-17,7,17,Wednesday,summer,0,working
2019-07-18,56028.972831553576,2019,2019-07-18,7,18,Thursday,summer,0,working
2019-07-19,54077.097707627916,2019,2019-07-19,7,19,Friday,summer,0,working
2019-07-20,50721.31498405096,2019,2019-07-20,7,20,Saturday,summer,0,non-working
2019-07-21,52235.8117778773,2019,2019-07-21,7,21,Sunday,summer,0,non-working
2019-07-22,61160.45965119604,2019,2019-07-22,7,22,Monday,summer,0,working
2019-07-23,68036.46814660671,2019,2019-07-23,7,23,Tuesday,summer,0,working
2019-07-24,70842.01585302452,2019,2019-07-24,7,24,Wednesday,summer,0,working
2019-07-25,72281.88356287905,2019,2019-07-25,7,25,Thursday,summer,0,working
2019-07-26,70512.52382551905,2019,2019-07-26,7,26,Friday,summer,0,working
2019-07-27,64940.264401168184,2019,2019-07-27,7,27,Saturday,summer,0,non-working
2019-07-28,59123.88423990459,2019,2019-07-28,7,28,Sunday,summer,0,non-working
2019-07-29,61230.65397795518,2019,2019-07-29,7,29,Monday,summer,0,working
2019-07-30,59037.752482808355,2019,2019-07-30,7,30,Tuesday,summer,0,working
2019-07-31,57821.45072251186,2019,2019-07-31,7,31,Wednesday,summer,0,working
2019-08-01,61825.62664932807,2019,2019-08-01,8,1,Thursday,summer,0,working
2019-08-02,62830.035822653124,2019,2019-08-02,8,2,Friday,summer,0,working
2019-08-03,58063.04363397765,2019,2019-08-03,8,3,Saturday,summer,0,non-working
2019-08-04,56376.74664028417,2019,2019-08-04,8,4,Sunday,summer,0,non-working
2019-08-05,63355.68371799268,2019,2019-08-05,8,5,Monday,summer,0,working
2019-08-06,63607.717414780884,2019,2019-08-06,8,6,Tuesday,summer,0,working
2019-08-07,61085.97927410558,2019,2019-08-07,8,7,Wednesday,summer,0,working
2019-08-08,60435.12356667079,2019,2019-08-08,8,8,Thursday,summer,0,working
2019-08-09,59276.14651584822,2019,2019-08-09,8,9,Friday,summer,0,working
2019-08-10,54399.21406445115,2019,2019-08-10,8,10,Saturday,summer,0,non-working
2019-08-11,51564.093237331894,2019,2019-08-11,8,11,Sunday,summer,0,non-working
2019-08-12,56670.13753241781,2019,2019-08-12,8,12,Monday,summer,0,working
2019-08-13,59185.26952129172,2019,2019-08-13,8,13,Tuesday,summer,0,working
2019-08-14,62163.79563595133,2019,2019-08-14,8,14,Wednesday,summer,0,working
2019-08-15,61449.64158720468,2019,2019-08-15,8,15,Thursday,summer,0,working
2019-08-16,57936.152512701214,2019,2019-08-16,8,16,Friday,summer,0,working
2019-08-17,51524.181802922714,2019,2019-08-17,8,17,Saturday,summer,0,non-working
2019-08-18,51049.05397189184,2019,2019-08-18,8,18,Sunday,summer,0,non-working
2019-08-19,58116.98027689895,2019,2019-08-19,8,19,Monday,summer,0,working
2019-08-20,61147.441222824345,2019,2019-08-20,8,20,Tuesday,summer,0,working
2019-08-21,62504.424680897995,2019,2019-08-21,8,21,Wednesday,summer,0,working
2019-08-22,57813.18361132632,2019,2019-08-22,8,22,Thursday,summer,0,working
2019-08-23,58151.91417822972,2019,2019-08-23,8,23,Friday,summer,0,working
2019-08-24,57248.605771612456,2019,2019-08-24,8,24,Saturday,summer,0,non-working
2019-08-25,62890.835796363324,2019,2019-08-25,8,25,Sunday,summer,0,non-working
2019-08-26,70556.78309657666,2019,2019-08-26,8,26,Monday,summer,0,working
2019-08-27,67324.74932593055,2019,2019-08-27,8,27,Tuesday,summer,0,working
2019-08-28,63128.16316725469,2019,2019-08-28,8,28,Wednesday,summer,0,working
2019-08-29,65920.10296147251,2019,2019-08-29,8,29,Thursday,summer,0,working
2019-08-30,68421.57887583962,2019,2019-08-30,8,30,Friday,summer,0,working
2019-08-31,63363.32213566685,2019,2019-08-31,8,31,Saturday,summer,0,non-working
2019-09-01,61727.41872615865,2019,2019-09-01,9,1,Sunday,summer,0,non-working
2019-09-02,68077.58597862406,2019,2019-09-02,9,2,Monday,summer,1,non-working
2019-09-03,76854.43581666987,2019,2019-09-03,9,3,Tuesday,summer,0,working
2019-09-04,76829.24460687175,2019,2019-09-04,9,4,Wednesday,summer,0,working
2019-09-05,76973.3943830811,2019,2019-09-05,9,5,Thursday,summer,0,working
2019-09-06,75317.5757295021,2019,2019-09-06,9,6,Friday,summer,0,working
2019-09-07,67018.33469972492,2019,2019-09-07,9,7,Saturday,summer,0,non-working
2019-09-08,56130.12814079126,2019,2019-09-08,9,8,Sunday,summer,0,non-working
2019-09-09,58593.826402612714,2019,2019-09-09,9,9,Monday,summer,0,working
2019-09-10,57675.86854038915,2019,2019-09-10,9,10,Tuesday,summer,0,working
2019-09-11,57854.63434910725,2019,2019-09-11,9,11,Wednesday,summer,0,working
2019-09-12,60639.8490280483,2019,2019-09-12,9,12,Thursday,summer,0,working
2019-09-13,66039.27655371655,2019,2019-09-13,9,13,Friday,summer,0,working
2019-09-14,65000.90984398342,2019,2019-09-14,9,14,Saturday,summer,0,non-working
2019-09-15,63165.56167236585,2019,2019-09-15,9,15,Sunday,summer,0,non-working
2019-09-16,65518.90752507819,2019,2019-09-16,9,16,Monday,summer,0,working
2019-09-17,61050.38344154171,2019,2019-09-17,9,17,Tuesday,summer,0,working
2019-09-18,57946.97661727967,2019,2019-09-18,9,18,Wednesday,summer,0,working
2019-09-19,56544.78611650456,2019,2019-09-19,9,19,Thursday,summer,0,working
2019-09-20,54985.832532933666,2019,2019-09-20,9,20,Friday,summer,0,working
2019-09-21,53807.98384016732,2019,2019-09-21,9,21,Saturday,summer,0,non-working
2019-09-22,56703.77442608747,2019,2019-09-22,9,22,Sunday,summer,0,non-working
2019-09-23,60656.08442900709,2019,2019-09-23,9,23,Monday,summer,0,working
2019-09-24,59927.52844384016,2019,2019-09-24,9,24,Tuesday,summer,0,working
2019-09-25,61978.66904253425,2019,2019-09-25,9,25,Wednesday,summer,0,working
2019-09-26,60258.79562015597,2019,2019-09-26,9,26,Thursday,summer,0,working
2019-09-27,58506.61442070432,2019,2019-09-27,9,27,Friday,summer,0,working
2019-09-28,52772.66560540783,2019,2019-09-28,9,28,Saturday,summer,0,non-working
2019-09-29,46125.08824156409,2019,2019-09-29,9,29,Sunday,summer,0,non-working
2019-09-30,50359.46517720731,2019,2019-09-30,9,30,Monday,summer,0,working
2019-10-01,50444.38327766792,2019,2019-10-01,10,1,Tuesday,summer,0,working
2019-10-02,51214.04688579586,2019,2019-10-02,10,2,Wednesday,summer,0,working
2019-10-03,51733.20783112969,2019,2019-10-03,10,3,Thursday,summer,0,working
2019-10-04,50561.58628933469,2019,2019-10-04,10,4,Friday,summer,0,working
2019-10-05,46951.50604193529,2019,2019-10-05,10,5,Saturday,summer,0,non-working
2019-10-06,47960.64648510606,2019,2019-10-06,10,6,Sunday,summer,0,non-working
2019-10-07,54600.2847603793,2019,2019-10-07,10,7,Monday,summer,0,working
2019-10-08,54111.41190269577,2019,2019-10-08,10,8,Tuesday,summer,0,working
2019-10-09,52746.62814016933,2019,2019-10-09,10,9,Wednesday,summer,0,working
2019-10-10,52115.923681299624,2019,2019-10-10,10,10,Thursday,summer,0,working
2019-10-11,52115.20587605794,2019,2019-10-11,10,11,Friday,summer,0,working
2019-10-12,47905.54852233114,2019,2019-10-12,10,12,Saturday,summer,0,non-working
2019-10-13,47288.838738693805,2019,2019-10-13,10,13,Sunday,summer,0,non-working
2019-10-14,51712.11500013606,2019,2019-10-14,10,14,Monday,summer,1,non-working
2019-10-15,52954.74221978081,2019,2019-10-15,10,15,Tuesday,summer,0,working
2019-10-16,55538.00820852787,2019,2019-10-16,10,16,Wednesday,summer,0,working
2019-10-17,53795.51398803711,2019,2019-10-17,10,17,Thursday,summer,0,working
2019-10-18,51885.021889919706,2019,2019-10-18,10,18,Friday,summer,0,working
2019-10-19,47792.95531100803,2019,2019-10-19,10,19,Saturday,summer,0,non-working
2019-10-20,47802.78655463325,2019,2019-10-20,10,20,Sunday,summer,0,non-working
2019-10-21,56314.52187310113,2019,2019-10-21,10,21,Monday,summer,0,working
2019-10-22,60558.32394680447,2019,2019-10-22,10,22,Tuesday,summer,0,working
2019-10-23,58116.194372965496,2019,2019-10-23,10,23,Wednesday,summer,0,working
2019-10-24,61955.37472642687,2019,2019-10-24,10,24,Thursday,summer,0,working
2019-10-25,60772.71342047797,2019,2019-10-25,10,25,Friday,summer,0,working
2019-10-26,53081.86556084527,2019,2019-10-26,10,26,Saturday,summer,0,non-working
2019-10-27,49275.35418145073,2019,2019-10-27,10,27,Sunday,summer,0,non-working
2019-10-28,51266.18175889757,2019,2019-10-28,10,28,Monday,summer,0,working
2019-10-29,50997.50899820964,2019,2019-10-29,10,29,Tuesday,summer,0,working
2019-10-30,49483.954538302954,2019,2019-10-30,10,30,Wednesday,summer,0,working
2019-10-31,49394.59817762587,2019,2019-10-31,10,31,Thursday,summer,0,working
2019-11-01,50304.34216688368,2019,2019-11-01,11,1,Friday,winter,0,working
2019-11-02,47720.73674750434,2019,2019-11-02,11,2,Saturday,winter,0,non-working
2019-11-03,46693.930634494354,2019,2019-11-03,11,3,Sunday,winter,0,non-working
2019-11-04,51481.365775417755,2019,2019-11-04,11,4,Monday,winter,0,working
2019-11-05,51851.62823408499,2019,2019-11-05,11,5,Tuesday,winter,0,working
2019-11-06,51992.116826310536,2019,2019-11-06,11,6,Wednesday,winter,0,working
2019-11-07,51868.94226331923,2019,2019-11-07,11,7,Thursday,winter,0,working
2019-11-08,52604.83746364382,2019,2019-11-08,11,8,Friday,winter,0,working
2019-11-09,49348.092866075305,2019,2019-11-09,11,9,Saturday,winter,0,non-working
2019-11-10,46362.2250770618,2019,2019-11-10,11,10,Sunday,winter,0,non-working
2019-11-11,50402.269656304255,2019,2019-11-11,11,11,Monday,winter,1,non-working
2019-11-12,51722.56340694112,2019,2019-11-12,11,12,Tuesday,winter,0,working
2019-11-13,51525.52211714048,2019,2019-11-13,11,13,Wednesday,winter,0,working
2019-11-14,51205.334317613575,2019,2019-11-14,11,14,Thursday,winter,0,working
2019-11-15,50986.66933878214,2019,2019-11-15,11,15,Friday,winter,0,working
2019-11-16,47683.63495429145,2019,2019-11-16,11,16,Saturday,winter,0,non-working
2019-11-17,48491.5176820996,2019,2019-11-17,11,17,Sunday,winter,0,non-working
2019-11-18,54984.89273528763,2019,2019-11-18,11,18,Monday,winter,0,working
2019-11-19,54650.53039347331,2019,2019-11-19,11,19,Tuesday,winter,0,working
2019-11-20,52884.344498155384,2019,2019-11-20,11,20,Wednesday,winter,0,working
2019-11-21,51075.87250982759,2019,2019-11-21,11,21,Thursday,winter,0,working
2019-11-22,49956.486491563584,2019,2019-11-22,11,22,Friday,winter,0,working
2019-11-23,46683.59001939562,2019,2019-11-23,11,23,Saturday,winter,0,non-working
2019-11-24,45641.257928738065,2019,2019-11-24,11,24,Sunday,winter,0,non-working
2019-11-25,50852.78663926866,2019,2019-11-25,11,25,Monday,winter,0,working
2019-11-26,50379.4799235026,2019,2019-11-26,11,26,Tuesday,winter,0,working
2019-11-27,53318.49457424588,2019,2019-11-27,11,27,Wednesday,winter,0,working
2019-11-28,53041.37203979492,2019,2019-11-28,11,28,Thursday,winter,1,non-working
2019-11-29,51334.590066053606,2019,2019-11-29,11,29,Friday,winter,0,working
2019-11-30,49264.264876708985,2019,2019-11-30,11,30,Saturday,winter,0,non-working
2019-12-01,47814.20017306857,2019,2019-12-01,12,1,Sunday,winter,0,non-working
2019-12-02,53233.52551133897,2019,2019-12-02,12,2,Monday,winter,0,working
2019-12-03,54975.34351033529,2019,2019-12-03,12,3,Tuesday,winter,0,working
2019-12-04,56656.96248996311,2019,2019-12-04,12,4,Wednesday,winter,0,working
2019-12-05,52586.06852511936,2019,2019-12-05,12,5,Thursday,winter,0,working
2019-12-06,53790.34611979166,2019,2019-12-06,12,6,Friday,winter,0,working
2019-12-07,52958.32468207466,2019,2019-12-07,12,7,Saturday,winter,0,non-working
2019-12-08,51341.09149088542,2019,2019-12-08,12,8,Sunday,winter,0,non-working
2019-12-09,52910.47461303711,2019,2019-12-09,12,9,Monday,winter,0,working
2019-12-10,53918.622172774216,2019,2019-12-10,12,10,Tuesday,winter,0,working
2019-12-11,53645.75820642638,2019,2019-12-11,12,11,Wednesday,winter,0,working
2019-12-12,53316.214332765856,2019,2019-12-12,12,12,Thursday,winter,0,working
2019-12-13,52293.02592450553,2019,2019-12-13,12,13,Friday,winter,0,working
2019-12-14,50601.71027719937,2019,2019-12-14,12,14,Saturday,winter,0,non-working
2019-12-15,48324.93079888238,2019,2019-12-15,12,15,Sunday,winter,0,non-working
2019-12-16,54398.26940877279,2019,2019-12-16,12,16,Monday,winter,0,working
2019-12-17,55004.81510211686,2019,2019-12-17,12,17,Tuesday,winter,0,working
2019-12-18,56967.87242205982,2019,2019-12-18,12,18,Wednesday,winter,0,working
2019-12-19,56116.2491539171,2019,2019-12-19,12,19,Thursday,winter,0,working
2019-12-20,54499.10259426541,2019,2019-12-20,12,20,Friday,winter,0,working
2019-12-21,51311.67148387927,2019,2019-12-21,12,21,Saturday,winter,0,non-working
2019-12-22,52078.02340131944,2019,2019-12-22,12,22,Sunday,winter,0,non-working
2019-12-23,57930.359141797235,2019,2019-12-23,12,23,Monday,winter,0,working
2019-12-24,51516.51073301333,2019,2019-12-24,12,24,Tuesday,winter,0,working
2019-12-25,48162.934693370196,2019,2019-12-25,12,25,Wednesday,winter,1,non-working
2019-12-26,54649.091737603085,2019,2019-12-26,12,26,Thursday,winter,0,working
2019-12-27,52629.12839576191,2019,2019-12-27,12,27,Friday,winter,0,working
2019-12-28,50569.54330585147,2019,2019-12-28,12,28,Saturday,winter,0,non-working
2019-12-29,50166.74671739148,2019,2019-12-29,12,29,Sunday,winter,0,non-working
2019-12-30,55395.67024560872,2019,2019-12-30,12,30,Monday,winter,0,working
2019-12-31,51022.3666325332,2019,2019-12-31,12,31,Tuesday,winter,0,working
2020-01-01,47201.73454047309,2020,2020-01-01,1,1,Wednesday,winter,1,non-working
2020-01-02,51135.77451519247,2020,2020-01-02,1,2,Thursday,winter,0,working
2020-01-03,50698.47968291868,2020,2020-01-03,1,3,Friday,winter,0,working
2020-01-04,47675.08836969238,2020,2020-01-04,1,4,Saturday,winter,0,non-working
2020-01-05,47043.01484630455,2020,2020-01-05,1,5,Sunday,winter,0,non-working
2020-01-06,51959.13128571077,2020,2020-01-06,1,6,Monday,winter,0,working
2020-01-07,51881.10184022527,2020,2020-01-07,1,7,Tuesday,winter,0,working
2020-01-08,53688.12690302376,2020,2020-01-08,1,8,Wednesday,winter,0,working
2020-01-09,54684.38492974175,2020,2020-01-09,1,9,Thursday,winter,0,working
2020-01-10,52768.87608986527,2020,2020-01-10,1,10,Friday,winter,0,working
2020-01-11,49520.59183566623,2020,2020-01-11,1,11,Saturday,winter,0,non-working
2020-01-12,48007.81386705187,2020,2020-01-12,1,12,Sunday,winter,0,non-working
2020-01-13,52488.81933865017,2020,2020-01-13,1,13,Monday,winter,0,working
2020-01-14,53038.55852287628,2020,2020-01-14,1,14,Tuesday,winter,0,working
2020-01-15,53221.57007189307,2020,2020-01-15,1,15,Wednesday,winter,0,working
2020-01-16,53766.50392037127,2020,2020-01-16,1,16,Thursday,winter,0,working
2020-01-17,53109.002137845506,2020,2020-01-17,1,17,Friday,winter,0,working
2020-01-18,47563.43943942501,2020,2020-01-18,1,18,Saturday,winter,0,non-working
2020-01-19,47156.147233602,2020,2020-01-19,1,19,Sunday,winter,0,non-working
2020-01-20,53793.28468284002,2020,2020-01-20,1,20,Monday,winter,1,non-working
2020-01-21,54757.48758430299,2020,2020-01-21,1,21,Tuesday,winter,0,working
2020-01-22,51576.46620185004,2020,2020-01-22,1,22,Wednesday,winter,0,working
2020-01-23,50912.14451395771,2020,2020-01-23,1,23,Thursday,winter,0,working
2020-01-24,50130.03761511941,2020,2020-01-24,1,24,Friday,winter,0,working
2020-01-25,46517.07776982911,2020,2020-01-25,1,25,Saturday,winter,0,non-working
2020-01-26,48259.05203544311,2020,2020-01-26,1,26,Sunday,winter,0,non-working
2020-01-27,50563.74919298175,2020,2020-01-27,1,27,Monday,winter,0,working
2020-01-28,50813.32079006619,2020,2020-01-28,1,28,Tuesday,winter,0,working
2020-01-29,50713.312766131276,2020,2020-01-29,1,29,Wednesday,winter,0,working
2020-01-30,51232.76017279731,2020,2020-01-30,1,30,Thursday,winter,0,working
2020-01-31,50747.078111979165,2020,2020-01-31,1,31,Friday,winter,0,working
2020-02-01,46765.62128788949,2020,2020-02-01,2,1,Saturday,winter,0,non-working
2020-02-02,45193.08584160698,2020,2020-02-02,2,2,Sunday,winter,0,non-working
2020-02-03,50486.30977571703,2020,2020-02-03,2,3,Monday,winter,0,working
2020-02-04,52208.85001885308,2020,2020-02-04,2,4,Tuesday,winter,0,working
2020-02-05,54487.23122816298,2020,2020-02-05,2,5,Wednesday,winter,0,working
2020-02-06,52440.859170328775,2020,2020-02-06,2,6,Thursday,winter,0,working
2020-02-07,51029.76106514524,2020,2020-02-07,2,7,Friday,winter,0,working
2020-02-08,46638.331369216,2020,2020-02-08,2,8,Saturday,winter,0,non-working
2020-02-09,50784.92232903375,2020,2020-02-09,2,9,Sunday,winter,0,non-working
2020-02-10,53212.34336940928,2020,2020-02-10,2,10,Monday,winter,0,working
2020-02-11,49998.729238823784,2020,2020-02-11,2,11,Tuesday,winter,0,working
2020-02-12,50576.851279431256,2020,2020-02-12,2,12,Wednesday,winter,0,working
2020-02-13,50195.229193733205,2020,2020-02-13,2,13,Thursday,winter,0,working
2020-02-14,49393.22812825521,2020,2020-02-14,2,14,Friday,winter,0,working
2020-02-15,45975.71207600912,2020,2020-02-15,2,15,Saturday,winter,0,non-working
2020-02-16,44736.40299058703,2020,2020-02-16,2,16,Sunday,winter,0,non-working
2020-02-17,47777.39578098776,2020,2020-02-17,2,17,Monday,winter,1,non-working
2020-02-18,49983.361389449834,2020,2020-02-18,2,18,Tuesday,winter,0,working
2020-02-19,49591.69283119215,2020,2020-02-19,2,19,Wednesday,winter,0,working
2020-02-20,50253.25406219576,2020,2020-02-20,2,20,Thursday,winter,0,working
2020-02-21,49081.093958926416,2020,2020-02-21,2,21,Friday,winter,0,working
2020-02-22,47924.04818039715,2020,2020-02-22,2,22,Saturday,winter,0,non-working
2020-02-23,45052.81461673185,2020,2020-02-23,2,23,Sunday,winter,0,non-working
2020-02-24,48759.57274040156,2020,2020-02-24,2,24,Monday,winter,0,working
2020-02-25,49329.81593745912,2020,2020-02-25,2,25,Tuesday,winter,0,working
2020-02-26,48583.69149390691,2020,2020-02-26,2,26,Wednesday,winter,0,working
2020-02-27,51276.57662956242,2020,2020-02-27,2,27,Thursday,winter,0,working
2020-02-28,51266.715313971115,2020,2020-02-28,2,28,Friday,winter,0,working
2020-02-29,44013.136203300746,2020,2020-02-29,2,29,Saturday,winter,0,non-working
2020-03-01,45647.21159876914,2020,2020-03-01,3,1,Sunday,winter,0,non-working
2020-03-02,48108.137583493815,2020,2020-03-02,3,2,Monday,winter,0,working
2020-03-03,47505.83790757921,2020,2020-03-03,3,3,Tuesday,winter,0,working
2020-03-04,47219.402021348746,2020,2020-03-04,3,4,Wednesday,winter,0,working
2020-03-05,47376.395646089295,2020,2020-03-05,3,5,Thursday,winter,0,working
2020-03-06,46541.29114759657,2020,2020-03-06,3,6,Friday,winter,0,working
2020-03-07,43621.9224538769,2020,2020-03-07,3,7,Saturday,winter,0,non-working
2020-03-08,40162.02588333572,2020,2020-03-08,3,8,Sunday,winter,0,non-working
2020-03-09,48558.74004299588,2020,2020-03-09,3,9,Monday,winter,0,working
2020-03-10,51986.59880452474,2020,2020-03-10,3,10,Tuesday,winter,0,working
2020-03-11,47893.97625800238,2020,2020-03-11,3,11,Wednesday,winter,0,working
2020-03-12,52217.15019639757,2020,2020-03-12,3,12,Thursday,winter,0,working
2020-03-13,52356.08771578007,2020,2020-03-13,3,13,Friday,winter,0,working
2020-03-14,47454.7223765824,2020,2020-03-14,3,14,Saturday,winter,0,non-working
2020-03-15,45025.06082652338,2020,2020-03-15,3,15,Sunday,winter,0,non-working
2020-03-16,49450.58552680122,2020,2020-03-16,3,16,Monday,winter,0,working
2020-03-17,46438.62585300022,2020,2020-03-17,3,17,Tuesday,winter,0,working
2020-03-18,52289.54310343425,2020,2020-03-18,3,18,Wednesday,winter,0,working
2020-03-19,47899.49927364012,2020,2020-03-19,3,19,Thursday,winter,0,working
2020-03-20,45721.5038097085,2020,2020-03-20,3,20,Friday,winter,0,working
2020-03-21,41088.330681660984,2020,2020-03-21,3,21,Saturday,winter,0,non-working
2020-03-22,41392.76459149579,2020,2020-03-22,3,22,Sunday,winter,0,non-working
2020-03-23,43743.87745659723,2020,2020-03-23,3,23,Monday,winter,0,working
2020-03-24,43517.18327392578,2020,2020-03-24,3,24,Tuesday,winter,0,working
2020-03-25,44733.44148393766,2020,2020-03-25,3,25,Wednesday,winter,0,working
2020-03-26,43973.97453379024,2020,2020-03-26,3,26,Thursday,winter,0,working
2020-03-27,43151.672049018016,2020,2020-03-27,3,27,Friday,winter,0,working
2020-03-28,40488.844913872614,2020,2020-03-28,3,28,Saturday,winter,0,non-working
2020-03-29,39385.666595710834,2020,2020-03-29,3,29,Sunday,winter,0,non-working
2020-03-30,42440.73883802626,2020,2020-03-30,3,30,Monday,winter,0,working
2020-03-31,45588.82757789096,2020,2020-03-31,3,31,Tuesday,winter,0,working
2020-04-01,42557.83509331597,2020,2020-04-01,4,1,Wednesday,winter,0,working
2020-04-02,42719.41383951823,2020,2020-04-02,4,2,Thursday,winter,0,working
2020-04-03,41718.119836108155,2020,2020-04-03,4,3,Friday,winter,0,working
2020-04-04,40351.532065366926,2020,2020-04-04,4,4,Saturday,winter,0,non-working
2020-04-05,42323.367290863534,2020,2020-04-05,4,5,Sunday,winter,0,non-working
2020-04-06,46984.428593313525,2020,2020-04-06,4,6,Monday,winter,0,working
2020-04-07,51670.5300139058,2020,2020-04-07,4,7,Tuesday,winter,0,working
2020-04-08,44422.14746694469,2020,2020-04-08,4,8,Wednesday,winter,0,working
2020-04-09,47645.42137342665,2020,2020-04-09,4,9,Thursday,winter,0,working
2020-04-10,50220.75368074835,2020,2020-04-10,4,10,Friday,winter,0,working
2020-04-11,40189.45246243874,2020,2020-04-11,4,11,Saturday,winter,0,non-working
2020-04-12,43560.26327764649,2020,2020-04-12,4,12,Sunday,winter,0,non-working
2020-04-13,45483.233234769934,2020,2020-04-13,4,13,Monday,winter,0,working
2020-04-14,40735.89962239651,2020,2020-04-14,4,14,Tuesday,winter,0,working
2020-04-15,40760.92353081684,2020,2020-04-15,4,15,Wednesday,winter,0,working
2020-04-16,40390.43509114584,2020,2020-04-16,4,16,Thursday,winter,0,working
2020-04-17,42209.31161421621,2020,2020-04-17,4,17,Friday,winter,0,working
2020-04-18,40733.838666903044,2020,2020-04-18,4,18,Saturday,winter,0,non-working
2020-04-19,39640.978864129036,2020,2020-04-19,4,19,Sunday,winter,0,non-working
2020-04-20,41568.205096536076,2020,2020-04-20,4,20,Monday,winter,0,working
2020-04-21,41148.13854952326,2020,2020-04-21,4,21,Tuesday,winter,0,working
2020-04-22,40836.27523651067,2020,2020-04-22,4,22,Wednesday,winter,0,working
2020-04-23,45185.58579570864,2020,2020-04-23,4,23,Thursday,winter,0,working
2020-04-24,48020.07040757921,2020,2020-04-24,4,24,Friday,winter,0,working
2020-04-25,46608.936125799286,2020,2020-04-25,4,25,Saturday,winter,0,non-working
2020-04-26,45308.17073983797,2020,2020-04-26,4,26,Sunday,winter,0,non-working
2020-04-27,45617.9053396314,2020,2020-04-27,4,27,Monday,winter,0,working
2020-04-28,44928.63387953017,2020,2020-04-28,4,28,Tuesday,winter,0,working
2020-04-29,46328.54555817124,2020,2020-04-29,4,29,Wednesday,winter,0,working
2020-04-30,46114.33503309461,2020,2020-04-30,4,30,Thursday,winter,0,working
2020-05-01,44080.94724229601,2020,2020-05-01,5,1,Friday,winter,0,working
2020-05-02,40574.011201451984,2020,2020-05-02,5,2,Saturday,winter,0,non-working
2020-05-03,40003.852709353036,2020,2020-05-03,5,3,Sunday,winter,0,non-working
2020-05-04,44939.43012791106,2020,2020-05-04,5,4,Monday,winter,0,working
2020-05-05,49135.94916273329,2020,2020-05-05,5,5,Tuesday,winter,0,working
2020-05-06,52026.22568169066,2020,2020-05-06,5,6,Wednesday,winter,0,working
2020-05-07,50426.220294594284,2020,2020-05-07,5,7,Thursday,winter,0,working
2020-05-08,47425.388164333766,2020,2020-05-08,5,8,Friday,winter,0,working
2020-05-09,44483.765637862685,2020,2020-05-09,5,9,Saturday,winter,0,non-working
2020-05-10,43643.55996161567,2020,2020-05-10,5,10,Sunday,winter,0,non-working
2020-05-11,44340.88813571197,2020,2020-05-11,5,11,Monday,winter,0,working
2020-05-12,43264.931870630826,2020,2020-05-12,5,12,Tuesday,winter,0,working
2020-05-13,43245.099610029116,2020,2020-05-13,5,13,Wednesday,winter,0,working
2020-05-14,42525.858956549244,2020,2020-05-14,5,14,Thursday,winter,0,working
2020-05-15,43462.270828122215,2020,2020-05-15,5,15,Friday,winter,0,working
2020-05-16,42587.800931786114,2020,2020-05-16,5,16,Saturday,winter,0,non-working
2020-05-17,41213.13780348232,2020,2020-05-17,5,17,Sunday,winter,0,non-working
2020-05-18,45204.16885391751,2020,2020-05-18,5,18,Monday,winter,0,working
2020-05-19,41920.9042034234,2020,2020-05-19,5,19,Tuesday,winter,0,working
2020-05-20,41846.31647435491,2020,2020-05-20,5,20,Wednesday,winter,0,working
2020-05-21,43822.78996514215,2020,2020-05-21,5,21,Thursday,winter,0,working
2020-05-22,43473.302983499896,2020,2020-05-22,5,22,Friday,winter,0,working
2020-05-23,39625.63056845943,2020,2020-05-23,5,23,Saturday,winter,0,non-working
2020-05-24,39241.58334578106,2020,2020-05-24,5,24,Sunday,winter,0,non-working
2020-05-25,43391.15889799087,2020,2020-05-25,5,25,Monday,winter,1,non-working
2020-05-26,49989.442563502664,2020,2020-05-26,5,26,Tuesday,winter,0,working
2020-05-27,50320.24379854133,2020,2020-05-27,5,27,Wednesday,winter,0,working
2020-05-28,48749.44929917686,2020,2020-05-28,5,28,Thursday,winter,0,working
2020-05-29,48541.51597358762,2020,2020-05-29,5,29,Friday,winter,0,working
2020-05-30,42346.77498883412,2020,2020-05-30,5,30,Saturday,winter,0,non-working
2020-05-31,41285.0666377474,2020,2020-05-31,5,31,Sunday,winter,0,non-working
2020-06-01,47925.61334883201,2020,2020-06-01,6,1,Monday,summer,0,working
2020-06-02,49400.912946641714,2020,2020-06-02,6,2,Tuesday,summer,0,working
2020-06-03,52688.677575627175,2020,2020-06-03,6,3,Wednesday,summer,0,working
2020-06-04,50155.17363122494,2020,2020-06-04,6,4,Thursday,summer,0,working
2020-06-05,48738.27876294934,2020,2020-06-05,6,5,Friday,summer,0,working
2020-06-06,44005.21359831779,2020,2020-06-06,6,6,Saturday,summer,0,non-working
2020-06-07,40685.824396245276,2020,2020-06-07,6,7,Sunday,summer,0,non-working
2020-06-08,46924.46996382011,2020,2020-06-08,6,8,Monday,summer,0,working
2020-06-09,54873.83083952444,2020,2020-06-09,6,9,Tuesday,summer,0,working
2020-06-10,58352.46286670318,2020,2020-06-10,6,10,Wednesday,summer,0,working
2020-06-11,54715.32945370713,2020,2020-06-11,6,11,Thursday,summer,0,working
2020-06-12,48595.709516937684,2020,2020-06-12,6,12,Friday,summer,0,working
2020-06-13,44271.2980667386,2020,2020-06-13,6,13,Saturday,summer,0,non-working
2020-06-14,43632.98312771267,2020,2020-06-14,6,14,Sunday,summer,0,non-working
2020-06-15,48842.917733475355,2020,2020-06-15,6,15,Monday,summer,0,working
2020-06-16,49078.14947903315,2020,2020-06-16,6,16,Tuesday,summer,0,working
2020-06-17,49086.53934461805,2020,2020-06-17,6,17,Wednesday,summer,0,working
2020-06-18,47526.373333359734,2020,2020-06-18,6,18,Thursday,summer,0,working
2020-06-19,48754.63679457574,2020,2020-06-19,6,19,Friday,summer,0,working
2020-06-20,47210.506112407296,2020,2020-06-20,6,20,Saturday,summer,0,non-working
2020-06-21,45575.61094230652,2020,2020-06-21,6,21,Sunday,summer,0,non-working
2020-06-22,50637.15442014625,2020,2020-06-22,6,22,Monday,summer,0,working
2020-06-23,52444.41796969944,2020,2020-06-23,6,23,Tuesday,summer,0,working
2020-06-24,51491.36350887088,2020,2020-06-24,6,24,Wednesday,summer,0,working
2020-06-25,50263.87170048111,2020,2020-06-25,6,25,Thursday,summer,0,working
2020-06-26,50177.63445548236,2020,2020-06-26,6,26,Friday,summer,0,working
2020-06-27,47175.83498637288,2020,2020-06-27,6,27,Saturday,summer,0,non-working
2020-06-28,45903.63935409642,2020,2020-06-28,6,28,Sunday,summer,0,non-working
2020-06-29,47941.280742051866,2020,2020-06-29,6,29,Monday,summer,0,working
2020-06-30,47720.72540256174,2020,2020-06-30,6,30,Tuesday,summer,0,working
2020-07-01,49917.10125029333,2020,2020-07-01,7,1,Wednesday,summer,0,working
2020-07-02,49033.24630888384,2020,2020-07-02,7,2,Thursday,summer,0,working
2020-07-03,48619.22493767773,2020,2020-07-03,7,3,Friday,summer,1,non-working
2020-07-04,49387.792808531995,2020,2020-07-04,7,4,Saturday,summer,0,non-working
2020-07-05,52467.47991441515,2020,2020-07-05,7,5,Sunday,summer,0,non-working
2020-07-06,57357.65040154001,2020,2020-07-06,7,6,Monday,summer,0,working
2020-07-07,56737.35883612739,2020,2020-07-07,7,7,Tuesday,summer,0,working
2020-07-08,53245.00012247721,2020,2020-07-08,7,8,Wednesday,summer,0,working
2020-07-09,53104.341021671724,2020,2020-07-09,7,9,Thursday,summer,0,working
2020-07-10,58862.144881320535,2020,2020-07-10,7,10,Friday,summer,0,working
2020-07-11,62215.010459692436,2020,2020-07-11,7,11,Saturday,summer,0,non-working
2020-07-12,61663.01932828514,2020,2020-07-12,7,12,Sunday,summer,0,non-working
2020-07-13,62843.71968098958,2020,2020-07-13,7,13,Monday,summer,0,working
2020-07-14,57406.29821800995,2020,2020-07-14,7,14,Tuesday,summer,0,working
2020-07-15,54657.18001286048,2020,2020-07-15,7,15,Wednesday,summer,0,working
2020-07-16,53932.69380589634,2020,2020-07-16,7,16,Thursday,summer,0,working
2020-07-17,54820.20995659722,2020,2020-07-17,7,17,Friday,summer,0,working
2020-07-18,52254.379191712156,2020,2020-07-18,7,18,Saturday,summer,0,non-working
2020-07-19,50726.30407628196,2020,2020-07-19,7,19,Sunday,summer,0,non-working
2020-07-20,52716.61564860026,2020,2020-07-20,7,20,Monday,summer,0,working
2020-07-21,54042.58791098649,2020,2020-07-21,7,21,Tuesday,summer,0,working
2020-07-22,53352.23534392114,2020,2020-07-22,7,22,Wednesday,summer,0,working
2020-07-23,50929.17476996528,2020,2020-07-23,7,23,Thursday,summer,0,working
2020-07-24,50650.51854427018,2020,2020-07-24,7,24,Friday,summer,0,working
2020-07-25,49519.946276016766,2020,2020-07-25,7,25,Saturday,summer,0,non-working
2020-07-26,49768.91730420213,2020,2020-07-26,7,26,Sunday,summer,0,non-working
2020-07-27,55378.632535955956,2020,2020-07-27,7,27,Monday,summer,0,working
2020-07-28,52845.51026920424,2020,2020-07-28,7,28,Tuesday,summer,0,working
2020-07-29,54274.77105871773,2020,2020-07-29,7,29,Wednesday,summer,0,working
2020-07-30,58253.1622808962,2020,2020-07-30,7,30,Thursday,summer,0,working
2020-07-31,63536.74156208584,2020,2020-07-31,7,31,Friday,summer,0,working
2020-08-01,57388.643156747225,2020,2020-08-01,8,1,Saturday,summer,0,non-working
2020-08-02,53770.970963812935,2020,2020-08-02,8,2,Sunday,summer,0,non-working
2020-08-03,57737.59647908529,2020,2020-08-03,8,3,Monday,summer,0,working
2020-08-04,55201.36399441189,2020,2020-08-04,8,4,Tuesday,summer,0,working
2020-08-05,53329.19528374566,2020,2020-08-05,8,5,Wednesday,summer,0,working
2020-08-06,52130.86001974466,2020,2020-08-06,8,6,Thursday,summer,0,working
2020-08-07,51423.76071415164,2020,2020-08-07,8,7,Friday,summer,0,working
2020-08-08,50021.789785326226,2020,2020-08-08,8,8,Saturday,summer,0,non-working
2020-08-09,49738.189664569254,2020,2020-08-09,8,9,Sunday,summer,0,non-working
2020-08-10,55168.82353458632,2020,2020-08-10,8,10,Monday,summer,0,working
2020-08-11,54924.416713605286,2020,2020-08-11,8,11,Tuesday,summer,0,working
2020-08-12,57806.28696261936,2020,2020-08-12,8,12,Wednesday,summer,0,working
2020-08-13,66238.35292743018,2020,2020-08-13,8,13,Thursday,summer,0,working
2020-08-14,69911.2117952474,2020,2020-08-14,8,14,Friday,summer,0,working
2020-08-15,70568.77185510492,2020,2020-08-15,8,15,Saturday,summer,0,non-working
2020-08-16,66984.1529945204,2020,2020-08-16,8,16,Sunday,summer,0,non-working
2020-08-17,72007.49361735026,2020,2020-08-17,8,17,Monday,summer,0,working
2020-08-18,75550.85405517579,2020,2020-08-18,8,18,Tuesday,summer,0,working
2020-08-19,75110.31156508383,2020,2020-08-19,8,19,Wednesday,summer,0,working
2020-08-20,73781.4370171441,2020,2020-08-20,8,20,Thursday,summer,0,working
2020-08-21,74379.38235251105,2020,2020-08-21,8,21,Friday,summer,0,working
2020-08-22,74293.47885226778,2020,2020-08-22,8,22,Saturday,summer,0,non-working
2020-08-23,73254.64601152208,2020,2020-08-23,8,23,Sunday,summer,0,non-working
2020-08-24,75947.10753598186,2020,2020-08-24,8,24,Monday,summer,0,working
2020-08-25,71339.01197183703,2020,2020-08-25,8,25,Tuesday,summer,0,working
2020-08-26,69251.17480071218,2020,2020-08-26,8,26,Wednesday,summer,0,working
2020-08-27,70099.49265570924,2020,2020-08-27,8,27,Thursday,summer,0,working
2020-08-28,65742.04694335072,2020,2020-08-28,8,28,Friday,summer,0,working
2020-08-29,55756.44784310939,2020,2020-08-29,8,29,Saturday,summer,0,non-working
2020-08-30,52251.50806003879,2020,2020-08-30,8,30,Sunday,summer,0,non-working
2020-08-31,57101.04913330379,2020,2020-08-31,8,31,Monday,summer,0,working
2020-09-01,57793.66080503457,2020,2020-09-01,9,1,Tuesday,summer,0,working
2020-09-02,57611.53303493924,2020,2020-09-02,9,2,Wednesday,summer,0,working
2020-09-03,62093.508668667855,2020,2020-09-03,9,3,Thursday,summer,0,working
2020-09-04,67678.3791085389,2020,2020-09-04,9,4,Friday,summer,0,working
2020-09-05,75882.51534465558,2020,2020-09-05,9,5,Saturday,summer,0,non-working
2020-09-06,80187.13261261181,2020,2020-09-06,9,6,Sunday,summer,0,non-working
2020-09-07,67647.10937282986,2020,2020-09-07,9,7,Monday,summer,1,non-working
2020-09-08,65200.327480217355,2020,2020-09-08,9,8,Tuesday,summer,0,working
2020-09-09,62139.90813375363,2020,2020-09-09,9,9,Wednesday,summer,0,working
2020-09-10,59575.74209474766,2020,2020-09-10,9,10,Thursday,summer,0,working
2020-09-11,58144.32996233876,2020,2020-09-11,9,11,Friday,summer,0,working
2020-09-12,54980.320444335935,2020,2020-09-12,9,12,Saturday,summer,0,non-working
2020-09-13,54225.64464350561,2020,2020-09-13,9,13,Sunday,summer,0,non-working
2020-09-14,60934.067346055774,2020,2020-09-14,9,14,Monday,summer,0,working
2020-09-15,63125.62347588859,2020,2020-09-15,9,15,Tuesday,summer,0,working
2020-09-16,64510.665951574585,2020,2020-09-16,9,16,Wednesday,summer,0,working
2020-09-17,66726.98227998872,2020,2020-09-17,9,17,Thursday,summer,0,working
2020-09-18,69149.84447224934,2020,2020-09-18,9,18,Friday,summer,0,working
2020-09-19,62077.48783209515,2020,2020-09-19,9,19,Saturday,summer,0,non-working
2020-09-20,56753.8322631836,2020,2020-09-20,9,20,Sunday,summer,0,non-working
2020-09-21,59524.74539996918,2020,2020-09-21,9,21,Monday,summer,0,working
2020-09-22,60265.144838217384,2020,2020-09-22,9,22,Tuesday,summer,0,working
2020-09-23,61272.35966796875,2020,2020-09-23,9,23,Wednesday,summer,0,working
2020-09-24,61322.61113730911,2020,2020-09-24,9,24,Thursday,summer,0,working
2020-09-25,58340.7829869584,2020,2020-09-25,9,25,Friday,summer,0,working
2020-09-26,53613.470872141675,2020,2020-09-26,9,26,Saturday,summer,0,non-working
2020-09-27,52676.35538180881,2020,2020-09-27,9,27,Sunday,summer,0,non-working
2020-09-28,61380.122026277684,2020,2020-09-28,9,28,Monday,summer,0,working
2020-09-29,67246.03156261612,2020,2020-09-29,9,29,Tuesday,summer,0,working
2020-09-30,74381.06388183594,2020,2020-09-30,9,30,Wednesday,summer,0,working
2020-10-01,73738.48965099997,2020,2020-10-01,10,1,Thursday,summer,0,working
2020-10-02,71679.43790299998,2020,2020-10-02,10,2,Friday,summer,0,working
2020-10-03,63388.28462499997,2020,2020-10-03,10,3,Saturday,summer,0,non-working
2020-10-04,61241.059118999976,2020,2020-10-04,10,4,Sunday,summer,0,non-working
2020-10-05,66960.21495199995,2020,2020-10-05,10,5,Monday,summer,0,working
2020-10-06,62944.80328899994,2020,2020-10-06,10,6,Tuesday,summer,0,working
2020-10-07,60335.506429999965,2020,2020-10-07,10,7,Wednesday,summer,0,working
2020-10-08,56927.24107599995,2020,2020-10-08,10,8,Thursday,summer,0,working
2020-10-09,55530.07440899998,2020,2020-10-09,10,9,Friday,summer,0,working
2020-10-10,52060.86532199998,2020,2020-10-10,10,10,Saturday,summer,0,non-working
2020-10-11,50683.89959399997,2020,2020-10-11,10,11,Sunday,summer,0,non-working
2020-10-12,61609.99005399996,2020,2020-10-12,10,12,Monday,summer,1,non-working
2020-10-13,66031.81548799996,2020,2020-10-13,10,13,Tuesday,summer,0,working
2020-10-14,63689.85430899997,2020,2020-10-14,10,14,Wednesday,summer,0,working
2020-10-15,65041.108915999954,2020,2020-10-15,10,15,Thursday,summer,0,working
2020-10-16,64268.98771699996,2020,2020-10-16,10,16,Friday,summer,0,working
2020-10-17,56964.28842699997,2020,2020-10-17,10,17,Saturday,summer,0,non-working
2020-10-18,54543.33590299997,2020,2020-10-18,10,18,Sunday,summer,0,non-working
2020-10-19,58158.90860999997,2020,2020-10-19,10,19,Monday,summer,0,working
2020-10-20,55963.31391899998,2020,2020-10-20,10,20,Tuesday,summer,0,working
2020-10-21,55833.84230599998,2020,2020-10-21,10,21,Wednesday,summer,0,working
2020-10-22,54672.28088899996,2020,2020-10-22,10,22,Thursday,summer,0,working
2020-10-23,54357.091681999984,2020,2020-10-23,10,23,Friday,summer,0,working
2020-10-24,51426.88577599997,2020,2020-10-24,10,24,Saturday,summer,0,non-working
2020-10-25,50053.07019799998,2020,2020-10-25,10,25,Sunday,summer,0,non-working
2020-10-26,49490.95235499996,2020,2020-10-26,10,26,Monday,summer,0,working
2020-10-27,48108.09753799996,2020,2020-10-27,10,27,Tuesday,summer,0,working
2020-10-28,49566.189117999966,2020,2020-10-28,10,28,Wednesday,summer,0,working
2020-10-29,50953.36896199999,2020,2020-10-29,10,29,Thursday,summer,0,working
2020-10-30,50775.204289999965,2020,2020-10-30,10,30,Friday,summer,0,working
2020-10-31,47653.29758499998,2020,2020-10-31,10,31,Saturday,summer,0,non-working
2020-11-01,50249.17109499997,2020,2020-11-01,11,1,Sunday,winter,0,non-working
2020-11-02,52697.06430299997,2020,2020-11-02,11,2,Monday,winter,0,working
2020-11-03,52496.15374199998,2020,2020-11-03,11,3,Tuesday,winter,0,working
2020-11-04,52988.66457299997,2020,2020-11-04,11,4,Wednesday,winter,0,working
2020-11-05,55993.47311699999,2020,2020-11-05,11,5,Thursday,winter,0,working
2020-11-06,52591.81081499999,2020,2020-11-06,11,6,Friday,winter,0,working
2020-11-07,47565.87168299998,2020,2020-11-07,11,7,Saturday,winter,0,non-working
2020-11-08,48123.62269699997,2020,2020-11-08,11,8,Sunday,winter,0,non-working
2020-11-09,49834.31168599996,2020,2020-11-09,11,9,Monday,winter,0,working
2020-11-10,49841.683490999974,2020,2020-11-10,11,10,Tuesday,winter,0,working
2020-11-11,49858.97597699995,2020,2020-11-11,11,11,Wednesday,winter,1,non-working
2020-11-12,49976.43263399995,2020,2020-11-12,11,12,Thursday,winter,0,working
2020-11-13,49839.405309999944,2020,2020-11-13,11,13,Friday,winter,0,working
2020-11-14,46652.30170499999,2020,2020-11-14,11,14,Saturday,winter,0,non-working
2020-11-15,45902.256162999955,2020,2020-11-15,11,15,Sunday,winter,0,non-working
2020-11-16,51173.39149899999,2020,2020-11-16,11,16,Monday,winter,0,working
2020-11-17,50667.81494799994,2020,2020-11-17,11,17,Tuesday,winter,0,working
2020-11-18,49963.426075999974,2020,2020-11-18,11,18,Wednesday,winter,0,working
2020-11-19,50059.28797699997,2020,2020-11-19,11,19,Thursday,winter,0,working
2020-11-20,49992.81145499996,2020,2020-11-20,11,20,Friday,winter,0,working
2020-11-21,48065.19208899997,2020,2020-11-21,11,21,Saturday,winter,0,non-working
2020-11-22,47813.12788699998,2020,2020-11-22,11,22,Sunday,winter,0,non-working
2020-11-23,51900.33391799998,2020,2020-11-23,11,23,Monday,winter,0,working
2020-11-24,50468.75196299998,2020,2020-11-24,11,24,Tuesday,winter,0,working
2020-11-25,50576.69275699997,2020,2020-11-25,11,25,Wednesday,winter,0,working
2020-11-26,47761.41485199998,2020,2020-11-26,11,26,Thursday,winter,1,non-working
2020-11-27,47287.11445799995,2020,2020-11-27,11,27,Friday,winter,0,working
2020-11-28,47334.54445299994,2020,2020-11-28,11,28,Saturday,winter,0,non-working
2020-11-29,47477.19206099998,2020,2020-11-29,11,29,Sunday,winter,0,non-working
2020-11-30,52266.59624199996,2020,2020-11-30,11,30,Monday,winter,0,working
2020-12-01,52379.545192,2020,2020-12-01,12,1,Tuesday,winter,0,working
2020-12-02,52251.176567,2020,2020-12-02,12,2,Wednesday,winter,0,working
2020-12-03,49484.381023,2020,2020-12-03,12,3,Thursday,winter,0,working
2020-12-04,51086.380891999994,2020,2020-12-04,12,4,Friday,winter,0,working
2020-12-05,49908.274746,2020,2020-12-05,12,5,Saturday,winter,0,non-working
2020-12-06,48626.213582,2020,2020-12-06,12,6,Sunday,winter,0,non-working
2020-12-07,55463.282976,2020,2020-12-07,12,7,Monday,winter,0,working
2020-12-08,52793.920011,2020,2020-12-08,12,8,Tuesday,winter,0,working
2020-12-09,52719.361833,2020,2020-12-09,12,9,Wednesday,winter,0,working
2020-12-10,53570.01184199999,2020,2020-12-10,12,10,Thursday,winter,0,working
2020-12-11,52906.819507,2020,2020-12-11,12,11,Friday,winter,0,working
2020-12-12,53846.746199,2020,2020-12-12,12,12,Saturday,winter,0,non-working
2020-12-13,49543.613986000004,2020,2020-12-13,12,13,Sunday,winter,0,non-working
2020-12-14,54347.602784999995,2020,2020-12-14,12,14,Monday,winter,0,working
2020-12-15,54823.695209000005,2020,2020-12-15,12,15,Tuesday,winter,0,working
2020-12-16,55187.889057,2020,2020-12-16,12,16,Wednesday,winter,0,working
2020-12-17,56164.72829000001,2020,2020-12-17,12,17,Thursday,winter,0,working
2020-12-18,52569.95027,2020,2020-12-18,12,18,Friday,winter,0,working
2020-12-19,51275.574024,2020,2020-12-19,12,19,Saturday,winter,0,non-working
2020-12-20,50449.03907299999,2020,2020-12-20,12,20,Sunday,winter,0,non-working
2020-12-21,51887.730569,2020,2020-12-21,12,21,Monday,winter,0,working
2020-12-22,52047.706162,2020,2020-12-22,12,22,Tuesday,winter,0,working
2020-12-23,54009.009138999994,2020,2020-12-23,12,23,Wednesday,winter,0,working
2020-12-24,54167.93616700001,2020,2020-12-24,12,24,Thursday,winter,0,working
2020-12-25,47392.616008,2020,2020-12-25,12,25,Friday,winter,1,non-working
2020-12-26,47319.371768,2020,2020-12-26,12,26,Saturday,winter,0,non-working
2020-12-27,51038.360872000005,2020,2020-12-27,12,27,Sunday,winter,0,non-working
2020-12-28,52283.180713,2020,2020-12-28,12,28,Monday,winter,0,working
2020-12-29,51126.251742,2020,2020-12-29,12,29,Tuesday,winter,0,working
2020-12-30,50717.611968,2020,2020-12-30,12,30,Wednesday,winter,0,working
2020-12-31,50846.284201,2020,2020-12-31,12,31,Thursday,winter,0,working
2021-01-01,46847.238507999995,2021,2021-01-01,1,1,Friday,winter,1,non-working
2021-01-02,47802.26044399999,2021,2021-01-02,1,2,Saturday,winter,0,non-working
2021-01-03,46880.83406899997,2021,2021-01-03,1,3,Sunday,winter,0,non-working
2021-01-04,51768.61549699994,2021,2021-01-04,1,4,Monday,winter,0,working
2021-01-05,52828.87723799999,2021,2021-01-05,1,5,Tuesday,winter,0,working
2021-01-06,52860.05646899996,2021,2021-01-06,1,6,Wednesday,winter,0,working
2021-01-07,51149.87969299996,2021,2021-01-07,1,7,Thursday,winter,0,working
2021-01-08,51059.84376699999,2021,2021-01-08,1,8,Friday,winter,0,working
2021-01-09,48251.665375999975,2021,2021-01-09,1,9,Saturday,winter,0,non-working
2021-01-10,47645.98642399993,2021,2021-01-10,1,10,Sunday,winter,0,non-working
2021-01-11,50990.33200599996,2021,2021-01-11,1,11,Monday,winter,0,working
2021-01-12,50957.349835999965,2021,2021-01-12,1,12,Tuesday,winter,0,working
2021-01-13,51194.95931399997,2021,2021-01-13,1,13,Wednesday,winter,0,working
2021-01-14,50727.82924899995,2021,2021-01-14,1,14,Thursday,winter,0,working
2021-01-15,49910.37340999994,2021,2021-01-15,1,15,Friday,winter,0,working
2021-01-16,45830.10121299998,2021,2021-01-16,1,16,Saturday,winter,0,non-working
2021-01-17,45110.45529599996,2021,2021-01-17,1,17,Sunday,winter,0,non-working
2021-01-18,48322.981669999965,2021,2021-01-18,1,18,Monday,winter,1,non-working
2021-01-19,51897.968008999975,2021,2021-01-19,1,19,Tuesday,winter,0,working
2021-01-20,51404.71771599994,2021,2021-01-20,1,20,Wednesday,winter,0,working
2021-01-21,48113.92752999997,2021,2021-01-21,1,21,Thursday,winter,0,working
2021-01-22,51299.564082999976,2021,2021-01-22,1,22,Friday,winter,0,working
2021-01-23,51053.41719899994,2021,2021-01-23,1,23,Saturday,winter,0,non-working
2021-01-24,48452.40276799994,2021,2021-01-24,1,24,Sunday,winter,0,non-working
2021-01-25,56461.76512899998,2021,2021-01-25,1,25,Monday,winter,0,working
2021-01-26,53550.542212,2021,2021-01-26,1,26,Tuesday,winter,0,working
2021-01-27,52446.92718199997,2021,2021-01-27,1,27,Wednesday,winter,0,working
2021-01-28,51419.11427199994,2021,2021-01-28,1,28,Thursday,winter,0,working
2021-01-29,53744.33503399996,2021,2021-01-29,1,29,Friday,winter,0,working
2021-01-30,47022.16647299999,2021,2021-01-30,1,30,Saturday,winter,0,non-working
2021-01-31,47816.459974999976,2021,2021-01-31,1,31,Sunday,winter,0,non-working
2021-02-01,52670.88,2021,2021-02-01,2,1,Monday,winter,0,working
2021-02-02,49148.93,2021,2021-02-02,2,2,Tuesday,winter,0,working
2021-02-03,48828.740000000005,2021,2021-02-03,2,3,Wednesday,winter,0,working
2021-02-04,48303.83,2021,2021-02-04,2,4,Thursday,winter,0,working
2021-02-05,48246.46,2021,2021-02-05,2,5,Friday,winter,0,working
2021-02-06,45096.66,2021,2021-02-06,2,6,Saturday,winter,0,non-working
2021-02-07,43863.17,2021,2021-02-07,2,7,Sunday,winter,0,non-working
2021-02-08,48630.86,2021,2021-02-08,2,8,Monday,winter,0,working
2021-02-09,52196.59,2021,2021-02-09,2,9,Tuesday,winter,0,working
2021-02-10,50145.71,2021,2021-02-10,2,10,Wednesday,winter,0,working
2021-02-11,49189.25,2021,2021-02-11,2,11,Thursday,winter,0,working
2021-02-12,49926.96000000001,2021,2021-02-12,2,12,Friday,winter,0,working
2021-02-13,47243.990000000005,2021,2021-02-13,2,13,Saturday,winter,0,non-working
2021-02-14,44479.78999999999,2021,2021-02-14,2,14,Sunday,winter,0,non-working
2021-02-15,49637.520000000004,2021,2021-02-15,2,15,Monday,winter,1,non-working
2021-02-16,49251.149999999994,2021,2021-02-16,2,16,Tuesday,winter,0,working
2021-02-17,48347.66,2021,2021-02-17,2,17,Wednesday,winter,0,working
2021-02-18,48883.57,2021,2021-02-18,2,18,Thursday,winter,0,working
2021-02-19,48204.84,2021,2021-02-19,2,19,Friday,winter,0,working
2021-02-20,44680.869999999995,2021,2021-02-20,2,20,Saturday,winter,0,non-working
2021-02-21,43523.32,2021,2021-02-21,2,21,Sunday,winter,0,non-working
2021-02-22,47851.91,2021,2021-02-22,2,22,Monday,winter,0,working
2021-02-23,47517.369999999995,2021,2021-02-23,2,23,Tuesday,winter,0,working
2021-02-24,47440.34999999999,2021,2021-02-24,2,24,Wednesday,winter,0,working
2021-02-25,47281.31,2021,2021-02-25,2,25,Thursday,winter,0,working
2021-02-26,47097.619999999995,2021,2021-02-26,2,26,Friday,winter,0,working
2021-02-27,43949.89,2021,2021-02-27,2,27,Saturday,winter,0,non-working
2021-02-28,42008.67999999999,2021,2021-02-28,2,28,Sunday,winter,0,non-working
2021-03-01,47374.0,2021,2021-03-01,3,1,Monday,winter,0,working
2021-03-02,47966.670000000006,2021,2021-03-02,3,2,Tuesday,winter,0,working
2021-03-03,56099.72,2021,2021-03-03,3,3,Wednesday,winter,0,working
2021-03-04,47409.65,2021,2021-03-04,3,4,Thursday,winter,0,working
2021-03-05,45765.96000000001,2021,2021-03-05,3,5,Friday,winter,0,working
2021-03-06,41978.06999999999,2021,2021-03-06,3,6,Saturday,winter,0,non-working
2021-03-07,44836.07,2021,2021-03-07,3,7,Sunday,winter,0,non-working
2021-03-08,48135.700000000004,2021,2021-03-08,3,8,Monday,winter,0,working
2021-03-09,47674.85,2021,2021-03-09,3,9,Tuesday,winter,0,working
2021-03-10,49652.55,2021,2021-03-10,3,10,Wednesday,winter,0,working
2021-03-11,48222.45,2021,2021-03-11,3,11,Thursday,winter,0,working
2021-03-12,48767.04,2021,2021-03-12,3,12,Friday,winter,0,working
2021-03-13,45563.14,2021,2021-03-13,3,13,Saturday,winter,0,non-working
2021-03-14,42495.23,2021,2021-03-14,3,14,Sunday,winter,0,non-working
2021-03-15,52580.15,2021,2021-03-15,3,15,Monday,winter,0,working
2021-03-16,48645.86,2021,2021-03-16,3,16,Tuesday,winter,0,working
2021-03-17,47956.270000000004,2021,2021-03-17,3,17,Wednesday,winter,0,working
2021-03-18,45874.990000000005,2021,2021-03-18,3,18,Thursday,winter,0,working
2021-03-19,45243.72,2021,2021-03-19,3,19,Friday,winter,0,working
2021-03-20,42217.03,2021,2021-03-20,3,20,Saturday,winter,0,non-working
2021-03-21,40935.18,2021,2021-03-21,3,21,Sunday,winter,0,non-working
2021-03-22,45730.4,2021,2021-03-22,3,22,Monday,winter,0,working
2021-03-23,47802.55,2021,2021-03-23,3,23,Tuesday,winter,0,working
2021-03-24,45496.31,2021,2021-03-24,3,24,Wednesday,winter,0,working
2021-03-25,50253.520000000004,2021,2021-03-25,3,25,Thursday,winter,0,working
2021-03-26,46199.05,2021,2021-03-26,3,26,Friday,winter,0,working
2021-03-27,41854.08,2021,2021-03-27,3,27,Saturday,winter,0,non-working
2021-03-28,41654.46000000001,2021,2021-03-28,3,28,Sunday,winter,0,non-working
2021-03-29,45278.83,2021,2021-03-29,3,29,Monday,winter,0,working
2021-03-30,45394.920000000006,2021,2021-03-30,3,30,Tuesday,winter,0,working
2021-03-31,47276.46000000001,2021,2021-03-31,3,31,Wednesday,winter,0,working
2021-04-01,50042.04,2021,2021-04-01,4,1,Thursday,winter,0,working
2021-04-02,45909.81,2021,2021-04-02,4,2,Friday,winter,0,working
2021-04-03,42538.649999999994,2021,2021-04-03,4,3,Saturday,winter,0,non-working
2021-04-04,41191.28999999999,2021,2021-04-04,4,4,Sunday,winter,0,non-working
2021-04-05,45232.58,2021,2021-04-05,4,5,Monday,winter,0,working
2021-04-06,45651.03,2021,2021-04-06,4,6,Tuesday,winter,0,working
2021-04-07,46929.81,2021,2021-04-07,4,7,Wednesday,winter,0,working
2021-04-08,45839.73,2021,2021-04-08,4,8,Thursday,winter,0,working
2021-04-09,45411.05,2021,2021-04-09,4,9,Friday,winter,0,working
2021-04-10,42411.02,2021,2021-04-10,4,10,Saturday,winter,0,non-working
2021-04-11,41619.17999999999,2021,2021-04-11,4,11,Sunday,winter,0,non-working
2021-04-12,45551.19,2021,2021-04-12,4,12,Monday,winter,0,working
2021-04-13,50838.240000000005,2021,2021-04-13,4,13,Tuesday,winter,0,working
2021-04-14,45115.740000000005,2021,2021-04-14,4,14,Wednesday,winter,0,working
2021-04-15,44056.24,2021,2021-04-15,4,15,Thursday,winter,0,working
2021-04-16,43914.450000000004,2021,2021-04-16,4,16,Friday,winter,0,working
2021-04-17,40263.8,2021,2021-04-17,4,17,Saturday,winter,0,non-working
2021-04-18,40847.1,2021,2021-04-18,4,18,Sunday,winter,0,non-working
2021-04-19,46493.52,2021,2021-04-19,4,19,Monday,winter,0,working
2021-04-20,45001.83,2021,2021-04-20,4,20,Tuesday,winter,0,working
2021-04-21,49309.4,2021,2021-04-21,4,21,Wednesday,winter,0,working
2021-04-22,51160.92,2021,2021-04-22,4,22,Thursday,winter,0,working
2021-04-23,49363.86,2021,2021-04-23,4,23,Friday,winter,0,working
2021-04-24,42652.09,2021,2021-04-24,4,24,Saturday,winter,0,non-working
2021-04-25,40892.799999999996,2021,2021-04-25,4,25,Sunday,winter,0,non-working
2021-04-26,47818.009999999995,2021,2021-04-26,4,26,Monday,winter,0,working
2021-04-27,44209.14,2021,2021-04-27,4,27,Tuesday,winter,0,working
2021-04-28,44185.16,2021,2021-04-28,4,28,Wednesday,winter,0,working
2021-04-29,47076.9,2021,2021-04-29,4,29,Thursday,winter,0,working
2021-04-30,51000.850000000006,2021,2021-04-30,4,30,Friday,winter,0,working
2021-05-01,44148.12,2021,2021-05-01,5,1,Saturday,winter,0,non-working
2021-05-02,45051.73,2021,2021-05-02,5,2,Sunday,winter,0,non-working
2021-05-03,46037.58,2021,2021-05-03,5,3,Monday,winter,0,working
2021-05-04,47246.34,2021,2021-05-04,5,4,Tuesday,winter,0,working
2021-05-05,47745.8,2021,2021-05-05,5,5,Wednesday,winter,0,working
2021-05-06,47294.68000000001,2021,2021-05-06,5,6,Thursday,winter,0,working
2021-05-07,45271.71,2021,2021-05-07,5,7,Friday,winter,0,working
2021-05-08,42066.119999999995,2021,2021-05-08,5,8,Saturday,winter,0,non-working
2021-05-09,42331.61,2021,2021-05-09,5,9,Sunday,winter,0,non-working
2021-05-10,46271.31,2021,2021-05-10,5,10,Monday,winter,0,working
2021-05-11,46187.909999999996,2021,2021-05-11,5,11,Tuesday,winter,0,working
2021-05-12,46995.33,2021,2021-05-12,5,12,Wednesday,winter,0,working
2021-05-13,47439.94,2021,2021-05-13,5,13,Thursday,winter,0,working
2021-05-14,46171.53,2021,2021-05-14,5,14,Friday,winter,0,working
2021-05-15,44272.04,2021,2021-05-15,5,15,Saturday,winter,0,non-working
2021-05-16,44531.67,2021,2021-05-16,5,16,Sunday,winter,0,non-working
2021-05-17,49123.57,2021,2021-05-17,5,17,Monday,winter,0,working
2021-05-18,46850.0,2021,2021-05-18,5,18,Tuesday,winter,0,working
2021-05-19,46479.23,2021,2021-05-19,5,19,Wednesday,winter,0,working
2021-05-20,46343.979999999996,2021,2021-05-20,5,20,Thursday,winter,0,working
2021-05-21,43730.4,2021,2021-05-21,5,21,Friday,winter,0,working
2021-05-22,39511.41,2021,2021-05-22,5,22,Saturday,winter,0,non-working
2021-05-23,38976.82000000001,2021,2021-05-23,5,23,Sunday,winter,0,non-working
2021-05-24,46617.41,2021,2021-05-24,5,24,Monday,winter,0,working
2021-05-25,49512.51,2021,2021-05-25,5,25,Tuesday,winter,0,working
2021-05-26,47101.28,2021,2021-05-26,5,26,Wednesday,winter,0,working
2021-05-27,45877.35,2021,2021-05-27,5,27,Thursday,winter,0,working
2021-05-28,46459.78,2021,2021-05-28,5,28,Friday,winter,0,working
2021-05-29,43461.06,2021,2021-05-29,5,29,Saturday,winter,0,non-working
2021-05-30,42373.99,2021,2021-05-30,5,30,Sunday,winter,0,non-working
2021-05-31,44026.71,2021,2021-05-31,5,31,Monday,winter,1,non-working
2021-06-01,48639.759999999995,2021,2021-06-01,6,1,Tuesday,summer,0,working
2021-06-02,49786.76,2021,2021-06-02,6,2,Wednesday,summer,0,working
2021-06-03,48787.42,2021,2021-06-03,6,3,Thursday,summer,0,working
2021-06-04,48306.0,2021,2021-06-04,6,4,Friday,summer,0,working
2021-06-05,44715.03999999999,2021,2021-06-05,6,5,Saturday,summer,0,non-working
2021-06-06,43010.04,2021,2021-06-06,6,6,Sunday,summer,0,non-working
2021-06-07,50857.97,2021,2021-06-07,6,7,Monday,summer,0,working
2021-06-08,46670.48,2021,2021-06-08,6,8,Tuesday,summer,0,working
2021-06-09,46022.09,2021,2021-06-09,6,9,Wednesday,summer,0,working
2021-06-10,45181.4,2021,2021-06-10,6,10,Thursday,summer,0,working
2021-06-11,47332.33,2021,2021-06-11,6,11,Friday,summer,0,working
2021-06-12,45827.84,2021,2021-06-12,6,12,Saturday,summer,0,non-working
2021-06-13,45075.98,2021,2021-06-13,6,13,Sunday,summer,0,non-working
2021-06-14,51863.31,2021,2021-06-14,6,14,Monday,summer,0,working
2021-06-15,59829.57,2021,2021-06-15,6,15,Tuesday,summer,0,working
2021-06-16,56922.37,2021,2021-06-16,6,16,Wednesday,summer,0,working
2021-06-17,55525.66,2021,2021-06-17,6,17,Thursday,summer,0,working
2021-06-18,55192.94,2021,2021-06-18,6,18,Friday,summer,1,non-working
2021-06-19,50375.259999999995,2021,2021-06-19,6,19,Saturday,summer,0,non-working
2021-06-20,48303.619999999995,2021,2021-06-20,6,20,Sunday,summer,0,non-working
2021-06-21,51666.20999999999,2021,2021-06-21,6,21,Monday,summer,0,working
2021-06-22,54679.35,2021,2021-06-22,6,22,Tuesday,summer,0,working
2021-06-23,54292.03,2021,2021-06-23,6,23,Wednesday,summer,0,working
2021-06-24,50914.62,2021,2021-06-24,6,24,Thursday,summer,0,working
2021-06-25,51230.78999999999,2021,2021-06-25,6,25,Friday,summer,0,working
2021-06-26,48814.84,2021,2021-06-26,6,26,Saturday,summer,0,non-working
2021-06-27,48598.4,2021,2021-06-27,6,27,Sunday,summer,0,non-working
2021-06-28,54053.59,2021,2021-06-28,6,28,Monday,summer,0,working
2021-06-29,54781.99,2021,2021-06-29,6,29,Tuesday,summer,0,working
2021-06-30,55007.479999999996,2021,2021-06-30,6,30,Wednesday,summer,0,working
2021-07-01,55041.14,2021,2021-07-01,7,1,Thursday,summer,0,working
2021-07-02,54474.41,2021,2021-07-02,7,2,Friday,summer,0,working
2021-07-03,51049.5,2021,2021-07-03,7,3,Saturday,summer,0,non-working
2021-07-04,47827.51,2021,2021-07-04,7,4,Sunday,summer,0,non-working
2021-07-05,51233.14,2021,2021-07-05,7,5,Monday,summer,1,non-working
2021-07-06,53466.97,2021,2021-07-06,7,6,Tuesday,summer,0,working
2021-07-07,54619.94,2021,2021-07-07,7,7,Wednesday,summer,0,working
2021-07-08,57857.65,2021,2021-07-08,7,8,Thursday,summer,0,working
2021-07-09,60471.850000000006,2021,2021-07-09,7,9,Friday,summer,0,working
2021-07-10,58680.759999999995,2021,2021-07-10,7,10,Saturday,summer,0,non-working
2021-07-11,53750.170000000006,2021,2021-07-11,7,11,Sunday,summer,0,non-working
2021-07-12,57398.740000000005,2021,2021-07-12,7,12,Monday,summer,0,working
2021-07-13,60380.520000000004,2021,2021-07-13,7,13,Tuesday,summer,0,working
2021-07-14,61225.59,2021,2021-07-14,7,14,Wednesday,summer,0,working
2021-07-15,61594.0,2021,2021-07-15,7,15,Thursday,summer,0,working
2021-07-16,60718.39,2021,2021-07-16,7,16,Friday,summer,0,working
2021-07-17,57210.73,2021,2021-07-17,7,17,Saturday,summer,0,non-working
2021-07-18,60386.79,2021,2021-07-18,7,18,Sunday,summer,0,non-working
2021-07-19,66085.29999999999,2021,2021-07-19,7,19,Monday,summer,0,working
2021-07-20,66020.37,2021,2021-07-20,7,20,Tuesday,summer,0,working
2021-07-21,66649.14,2021,2021-07-21,7,21,Wednesday,summer,0,working
2021-07-22,63673.2,2021,2021-07-22,7,22,Thursday,summer,0,working
2021-07-23,61013.369999999995,2021,2021-07-23,7,23,Friday,summer,0,working
2021-07-24,55942.56,2021,2021-07-24,7,24,Saturday,summer,0,non-working
2021-07-25,54724.46,2021,2021-07-25,7,25,Sunday,summer,0,non-working
2021-07-26,60353.31,2021,2021-07-26,7,26,Monday,summer,0,working
2021-07-27,61306.380000000005,2021,2021-07-27,7,27,Tuesday,summer,0,working
2021-07-28,62583.83,2021,2021-07-28,7,28,Wednesday,summer,0,working
2021-07-29,62446.770000000004,2021,2021-07-29,7,29,Thursday,summer,0,working
2021-07-30,61341.56999999999,2021,2021-07-30,7,30,Friday,summer,0,working
2021-07-31,57095.39,2021,2021-07-31,7,31,Saturday,summer,0,non-working
2021-08-01,56276.37,2021,2021-08-01,8,1,Sunday,summer,0,non-working
2021-08-02,64285.83,2021,2021-08-02,8,2,Monday,summer,0,working
2021-08-03,62677.19,2021,2021-08-03,8,3,Tuesday,summer,0,working
2021-08-04,60626.200000000004,2021,2021-08-04,8,4,Wednesday,summer,0,working
2021-08-05,60575.95,2021,2021-08-05,8,5,Thursday,summer,0,working
2021-08-06,56242.29,2021,2021-08-06,8,6,Friday,summer,0,working
2021-08-07,50888.32,2021,2021-08-07,8,7,Saturday,summer,0,non-working
2021-08-08,50119.94,2021,2021-08-08,8,8,Sunday,summer,0,non-working
2021-08-09,58648.26,2021,2021-08-09,8,9,Monday,summer,0,working
2021-08-10,63100.07,2021,2021-08-10,8,10,Tuesday,summer,0,working
2021-08-11,71335.59,2021,2021-08-11,8,11,Wednesday,summer,0,working
2021-08-12,71706.33,2021,2021-08-12,8,12,Thursday,summer,0,working
2021-08-13,68123.73999999999,2021,2021-08-13,8,13,Friday,summer,0,working
2021-08-14,62206.81,2021,2021-08-14,8,14,Saturday,summer,0,non-working
2021-08-15,59643.32,2021,2021-08-15,8,15,Sunday,summer,0,non-working
2021-08-16,67505.29000000001,2021,2021-08-16,8,16,Monday,summer,0,working
2021-08-17,66890.93,2021,2021-08-17,8,17,Tuesday,summer,0,working
2021-08-18,64925.399999999994,2021,2021-08-18,8,18,Wednesday,summer,0,working
2021-08-19,61934.36,2021,2021-08-19,8,19,Thursday,summer,0,working
2021-08-20,59986.42999999999,2021,2021-08-20,8,20,Friday,summer,0,working
2021-08-21,54067.23,2021,2021-08-21,8,21,Saturday,summer,0,non-working
2021-08-22,52126.81,2021,2021-08-22,8,22,Sunday,summer,0,non-working
2021-08-23,57583.38,2021,2021-08-23,8,23,Monday,summer,0,working
2021-08-24,57542.770000000004,2021,2021-08-24,8,24,Tuesday,summer,0,working
2021-08-25,62741.729999999996,2021,2021-08-25,8,25,Wednesday,summer,0,working
2021-08-26,68089.65,2021,2021-08-26,8,26,Thursday,summer,0,working
2021-08-27,65860.39000000001,2021,2021-08-27,8,27,Friday,summer,0,working
2021-08-28,58372.46000000001,2021,2021-08-28,8,28,Saturday,summer,0,non-working
2021-08-29,57217.87,2021,2021-08-29,8,29,Sunday,summer,0,non-working
2021-08-30,60893.59,2021,2021-08-30,8,30,Monday,summer,0,working
2021-08-31,59776.31,2021,2021-08-31,8,31,Tuesday,summer,0,working
2021-09-01,57989.09999999999,2021,2021-09-01,9,1,Wednesday,summer,0,working
2021-09-02,58038.090000000004,2021,2021-09-02,9,2,Thursday,summer,0,working
2021-09-03,57139.1,2021,2021-09-03,9,3,Friday,summer,0,working
2021-09-04,58431.78999999999,2021,2021-09-04,9,4,Saturday,summer,0,non-working
2021-09-05,58742.08,2021,2021-09-05,9,5,Sunday,summer,0,non-working
2021-09-06,60088.39,2021,2021-09-06,9,6,Monday,summer,1,non-working
2021-09-07,64897.86,2021,2021-09-07,9,7,Tuesday,summer,0,working
2021-09-08,66350.97,2021,2021-09-08,9,8,Wednesday,summer,0,working
2021-09-09,69871.76000000001,2021,2021-09-09,9,9,Thursday,summer,0,working
2021-09-10,70142.6,2021,2021-09-10,9,10,Friday,summer,0,working
2021-09-11,65966.23000000001,2021,2021-09-11,9,11,Saturday,summer,0,non-working
2021-09-12,62291.63,2021,2021-09-12,9,12,Sunday,summer,0,non-working
2021-09-13,61860.97,2021,2021-09-13,9,13,Monday,summer,0,working
2021-09-14,58130.509999999995,2021,2021-09-14,9,14,Tuesday,summer,0,working
2021-09-15,56505.91,2021,2021-09-15,9,15,Wednesday,summer,0,working
2021-09-16,55200.93,2021,2021-09-16,9,16,Thursday,summer,0,working
2021-09-17,54560.05,2021,2021-09-17,9,17,Friday,summer,0,working
2021-09-18,49807.2,2021,2021-09-18,9,18,Saturday,summer,0,non-working
2021-09-19,47673.56,2021,2021-09-19,9,19,Sunday,summer,0,non-working
2021-09-20,55090.630000000005,2021,2021-09-20,9,20,Monday,summer,0,working
2021-09-21,65312.50000000001,2021,2021-09-21,9,21,Tuesday,summer,0,working
2021-09-22,68306.57,2021,2021-09-22,9,22,Wednesday,summer,0,working
2021-09-23,63197.01,2021,2021-09-23,9,23,Thursday,summer,0,working
2021-09-24,57534.009999999995,2021,2021-09-24,9,24,Friday,summer,0,working
2021-09-25,52158.96,2021,2021-09-25,9,25,Saturday,summer,0,non-working
2021-09-26,52214.36,2021,2021-09-26,9,26,Sunday,summer,0,non-working
2021-09-27,55153.22,2021,2021-09-27,9,27,Monday,summer,0,working
2021-09-28,53786.71,2021,2021-09-28,9,28,Tuesday,summer,0,working
2021-09-29,51878.82000000001,2021,2021-09-29,9,29,Wednesday,summer,0,working
2021-09-30,53520.899999999994,2021,2021-09-30,9,30,Thursday,summer,0,working
2021-10-01,54896.65,2021,2021-10-01,10,1,Friday,summer,0,working
2021-10-02,54260.05,2021,2021-10-02,10,2,Saturday,summer,0,non-working
2021-10-03,55814.32,2021,2021-10-03,10,3,Sunday,summer,0,non-working
2021-10-04,59471.5,2021,2021-10-04,10,4,Monday,summer,0,working
2021-10-05,56652.54,2021,2021-10-05,10,5,Tuesday,summer,0,working
2021-10-06,57613.9,2021,2021-10-06,10,6,Wednesday,summer,0,working
2021-10-07,56539.35,2021,2021-10-07,10,7,Thursday,summer,0,working
2021-10-08,53985.130000000005,2021,2021-10-08,10,8,Friday,summer,0,working
2021-10-09,45812.3,2021,2021-10-09,10,9,Saturday,summer,0,non-working
2021-10-10,45799.24,2021,2021-10-10,10,10,Sunday,summer,0,non-working
2021-10-11,51127.86,2021,2021-10-11,10,11,Monday,summer,1,non-working
2021-10-12,47704.03,2021,2021-10-12,10,12,Tuesday,summer,0,working
2021-10-13,48004.01,2021,2021-10-13,10,13,Wednesday,summer,0,working
2021-10-14,48848.16,2021,2021-10-14,10,14,Thursday,summer,0,working
2021-10-15,51336.71,2021,2021-10-15,10,15,Friday,summer,0,working
2021-10-16,48344.85,2021,2021-10-16,10,16,Saturday,summer,0,non-working
2021-10-17,45608.659999999996,2021,2021-10-17,10,17,Sunday,summer,0,non-working
2021-10-18,52584.66,2021,2021-10-18,10,18,Monday,summer,0,working
2021-10-19,48276.29,2021,2021-10-19,10,19,Tuesday,summer,0,working
2021-10-20,48608.36,2021,2021-10-20,10,20,Wednesday,summer,0,working
2021-10-21,49367.86,2021,2021-10-21,10,21,Thursday,summer,0,working
2021-10-22,49659.39,2021,2021-10-22,10,22,Friday,summer,0,working
2021-10-23,46538.65,2021,2021-10-23,10,23,Saturday,summer,0,non-working
2021-10-24,44453.649999999994,2021,2021-10-24,10,24,Sunday,summer,0,non-working
2021-10-25,53117.16,2021,2021-10-25,10,25,Monday,summer,0,working
2021-10-26,48729.3,2021,2021-10-26,10,26,Tuesday,summer,0,working
2021-10-27,49948.54,2021,2021-10-27,10,27,Wednesday,summer,0,working
2021-10-28,52656.47,2021,2021-10-28,10,28,Thursday,summer,0,working
2021-10-29,52346.020000000004,2021,2021-10-29,10,29,Friday,summer,0,working
2021-10-30,47139.229999999996,2021,2021-10-30,10,30,Saturday,summer,0,non-working
2021-10-31,45783.92,2021,2021-10-31,10,31,Sunday,summer,0,non-working
2021-11-01,50955.45,2021,2021-11-01,11,1,Monday,winter,0,working
2021-11-02,50960.01,2021,2021-11-02,11,2,Tuesday,winter,0,working
2021-11-03,50321.32,2021,2021-11-03,11,3,Wednesday,winter,0,working
2021-11-04,50618.89,2021,2021-11-04,11,4,Thursday,winter,0,working
2021-11-05,49364.54,2021,2021-11-05,11,5,Friday,winter,0,working
2021-11-06,46714.33,2021,2021-11-06,11,6,Saturday,winter,0,non-working
2021-11-07,46713.5,2021,2021-11-07,11,7,Sunday,winter,0,non-working
2021-11-08,48926.87,2021,2021-11-08,11,8,Monday,winter,0,working
2021-11-09,49798.799999999996,2021,2021-11-09,11,9,Tuesday,winter,0,working
2021-11-10,50208.86,2021,2021-11-10,11,10,Wednesday,winter,0,working
2021-11-11,52275.2,2021,2021-11-11,11,11,Thursday,winter,1,non-working
2021-11-12,55686.0,2021,2021-11-12,11,12,Friday,winter,0,working
2021-11-13,50263.490000000005,2021,2021-11-13,11,13,Saturday,winter,0,non-working
2021-11-14,48373.66,2021,2021-11-14,11,14,Sunday,winter,0,non-working
2021-11-15,50496.659999999996,2021,2021-11-15,11,15,Monday,winter,0,working
2021-11-16,49344.97,2021,2021-11-16,11,16,Tuesday,winter,0,working
2021-11-17,48492.0,2021,2021-11-17,11,17,Wednesday,winter,0,working
2021-11-18,50103.46,2021,2021-11-18,11,18,Thursday,winter,0,working
2021-11-19,49849.840000000004,2021,2021-11-19,11,19,Friday,winter,0,working
2021-11-20,46143.72,2021,2021-11-20,11,20,Saturday,winter,0,non-working
2021-11-21,45782.64,2021,2021-11-21,11,21,Sunday,winter,0,non-working
2021-11-22,50090.7,2021,2021-11-22,11,22,Monday,winter,0,working
2021-11-23,51071.76,2021,2021-11-23,11,23,Tuesday,winter,0,working
2021-11-24,49508.13,2021,2021-11-24,11,24,Wednesday,winter,0,working
2021-11-25,46083.689999999995,2021,2021-11-25,11,25,Thursday,winter,1,non-working
2021-11-26,46101.52,2021,2021-11-26,11,26,Friday,winter,0,working
2021-11-27,45339.86,2021,2021-11-27,11,27,Saturday,winter,0,non-working
2021-11-28,45993.17,2021,2021-11-28,11,28,Sunday,winter,0,non-working
2021-11-29,51454.84999999999,2021,2021-11-29,11,29,Monday,winter,0,working
2021-11-30,51561.97,2021,2021-11-30,11,30,Tuesday,winter,0,working
2021-12-01,52034.6,2021,2021-12-01,12,1,Wednesday,winter,0,working
2021-12-02,52993.060000000005,2021,2021-12-02,12,2,Thursday,winter,0,working
2021-12-03,53546.95,2021,2021-12-03,12,3,Friday,winter,0,working
2021-12-04,49758.16,2021,2021-12-04,12,4,Saturday,winter,0,non-working
2021-12-05,48329.490000000005,2021,2021-12-05,12,5,Sunday,winter,0,non-working
2021-12-06,52176.61,2021,2021-12-06,12,6,Monday,winter,0,working
2021-12-07,57665.75,2021,2021-12-07,12,7,Tuesday,winter,0,working
2021-12-08,51914.189999999995,2021,2021-12-08,12,8,Wednesday,winter,0,working
2021-12-09,57344.270000000004,2021,2021-12-09,12,9,Thursday,winter,0,working
2021-12-10,54237.65,2021,2021-12-10,12,10,Friday,winter,0,working
2021-12-11,49420.42,2021,2021-12-11,12,11,Saturday,winter,0,non-working
2021-12-12,50124.86,2021,2021-12-12,12,12,Sunday,winter,0,non-working
2021-12-13,59207.86,2021,2021-12-13,12,13,Monday,winter,0,working
2021-12-14,59163.39,2021,2021-12-14,12,14,Tuesday,winter,0,working
2021-12-15,56953.08,2021,2021-12-15,12,15,Wednesday,winter,0,working
2021-12-16,56826.04,2021,2021-12-16,12,16,Thursday,winter,0,working
2021-12-17,52885.619999999995,2021,2021-12-17,12,17,Friday,winter,0,working
2021-12-18,48749.29,2021,2021-12-18,12,18,Saturday,winter,0,non-working
2021-12-19,49835.490000000005,2021,2021-12-19,12,19,Sunday,winter,0,non-working
2021-12-20,54741.799999999996,2021,2021-12-20,12,20,Monday,winter,0,working
2021-12-21,56958.009999999995,2021,2021-12-21,12,21,Tuesday,winter,0,working
2021-12-22,55537.41,2021,2021-12-22,12,22,Wednesday,winter,0,working
2021-12-23,54739.950000000004,2021,2021-12-23,12,23,Thursday,winter,0,working
2021-12-24,50758.33,2021,2021-12-24,12,24,Friday,winter,1,non-working
2021-12-25,50164.53,2021,2021-12-25,12,25,Saturday,winter,0,non-working
2021-12-26,47959.549999999996,2021,2021-12-26,12,26,Sunday,winter,0,non-working
2021-12-27,54930.85,2021,2021-12-27,12,27,Monday,winter,0,working
2021-12-28,56269.53,2021,2021-12-28,12,28,Tuesday,winter,0,working
2021-12-29,56736.759999999995,2021,2021-12-29,12,29,Wednesday,winter,0,working
2021-12-30,52955.96,2021,2021-12-30,12,30,Thursday,winter,0,working
2021-12-31,52119.990000000005,2021,2021-12-31,12,31,Friday,winter,1,non-working
2022-01-01,46242.22585399996,2022,2022-01-01,1,1,Saturday,winter,0,non-working
2022-01-02,47090.15829599998,2022,2022-01-02,1,2,Sunday,winter,0,non-working
2022-01-03,52198.931199999955,2022,2022-01-03,1,3,Monday,winter,0,working
2022-01-04,52991.705990999995,2022,2022-01-04,1,4,Tuesday,winter,0,working
2022-01-05,52096.049780999994,2022,2022-01-05,1,5,Wednesday,winter,0,working
2022-01-06,50539.81869199998,2022,2022-01-06,1,6,Thursday,winter,0,working
2022-01-07,53065.63518999996,2022,2022-01-07,1,7,Friday,winter,0,working
2022-01-08,48019.30270899995,2022,2022-01-08,1,8,Saturday,winter,0,non-working
2022-01-09,46797.08497499998,2022,2022-01-09,1,9,Sunday,winter,0,non-working
2022-01-10,53159.12225599995,2022,2022-01-10,1,10,Monday,winter,0,working
2022-01-11,49783.413260999965,2022,2022-01-11,1,11,Tuesday,winter,0,working
2022-01-12,52706.56562599997,2022,2022-01-12,1,12,Wednesday,winter,0,working
2022-01-13,54099.72418299996,2022,2022-01-13,1,13,Thursday,winter,0,working
2022-01-14,49654.96634399996,2022,2022-01-14,1,14,Friday,winter,0,working
2022-01-15,50345.15396999997,2022,2022-01-15,1,15,Saturday,winter,0,non-working
2022-01-16,46821.32677599999,2022,2022-01-16,1,16,Sunday,winter,0,non-working
2022-01-17,50435.66565099996,2022,2022-01-17,1,17,Monday,winter,1,non-working
2022-01-18,50916.87700199996,2022,2022-01-18,1,18,Tuesday,winter,0,working
2022-01-19,50319.66811399994,2022,2022-01-19,1,19,Wednesday,winter,0,working
2022-01-20,50026.35296899995,2022,2022-01-20,1,20,Thursday,winter,0,working
2022-01-21,49778.69538599998,2022,2022-01-21,1,21,Friday,winter,0,working
2022-01-22,46272.90331999998,2022,2022-01-22,1,22,Saturday,winter,0,non-working
2022-01-23,45463.76948399999,2022,2022-01-23,1,23,Sunday,winter,0,non-working
2022-01-24,50905.329927,2022,2022-01-24,1,24,Monday,winter,0,working
2022-01-25,51017.610140999954,2022,2022-01-25,1,25,Tuesday,winter,0,working
2022-01-26,51362.97784599998,2022,2022-01-26,1,26,Wednesday,winter,0,working
2022-01-27,50422.250931999966,2022,2022-01-27,1,27,Thursday,winter,0,working
2022-01-28,51852.28912499997,2022,2022-01-28,1,28,Friday,winter,0,working
2022-01-29,50385.459927999975,2022,2022-01-29,1,29,Saturday,winter,0,non-working
2022-01-30,45846.51794799999,2022,2022-01-30,1,30,Sunday,winter,0,non-working
2022-01-31,53827.98713999999,2022,2022-01-31,1,31,Monday,winter,0,working
2022-02-01,53139.08912999996,2022,2022-02-01,2,1,Tuesday,winter,0,working
2022-02-02,50888.542082,2022,2022-02-02,2,2,Wednesday,winter,0,working
2022-02-03,51306.72484699996,2022,2022-02-03,2,3,Thursday,winter,0,working
2022-02-04,50522.50564599996,2022,2022-02-04,2,4,Friday,winter,0,working
2022-02-05,46407.550607999976,2022,2022-02-05,2,5,Saturday,winter,0,non-working
2022-02-06,45421.97903999996,2022,2022-02-06,2,6,Sunday,winter,0,non-working
2022-02-07,49818.50050899996,2022,2022-02-07,2,7,Monday,winter,0,working
2022-02-08,49790.157816999956,2022,2022-02-08,2,8,Tuesday,winter,0,working
2022-02-09,50621.77829199999,2022,2022-02-09,2,9,Wednesday,winter,0,working
2022-02-10,50754.31480199999,2022,2022-02-10,2,10,Thursday,winter,0,working
2022-02-11,49958.24918799998,2022,2022-02-11,2,11,Friday,winter,0,working
2022-02-12,47479.07226499995,2022,2022-02-12,2,12,Saturday,winter,0,non-working
2022-02-13,45979.17240099995,2022,2022-02-13,2,13,Sunday,winter,0,non-working
2022-02-14,48901.76336099994,2022,2022-02-14,2,14,Monday,winter,0,working
2022-02-15,53327.66828299998,2022,2022-02-15,2,15,Tuesday,winter,0,working
2022-02-16,49890.11402799994,2022,2022-02-16,2,16,Wednesday,winter,0,working
2022-02-17,49000.76322599997,2022,2022-02-17,2,17,Thursday,winter,0,working
2022-02-18,48596.816691999986,2022,2022-02-18,2,18,Friday,winter,0,working
2022-02-19,44902.91878299996,2022,2022-02-19,2,19,Saturday,winter,0,non-working
2022-02-20,43556.804217999976,2022,2022-02-20,2,20,Sunday,winter,0,non-working
2022-02-21,51013.08057499997,2022,2022-02-21,2,21,Monday,winter,1,non-working
2022-02-22,53535.40753499998,2022,2022-02-22,2,22,Tuesday,winter,0,working
2022-02-23,51910.684401999984,2022,2022-02-23,2,23,Wednesday,winter,0,working
2022-02-24,49546.48235,2022,2022-02-24,2,24,Thursday,winter,0,working
2022-02-25,48759.89107599995,2022,2022-02-25,2,25,Friday,winter,0,working
2022-02-26,45067.27855699999,2022,2022-02-26,2,26,Saturday,winter,0,non-working
2022-02-27,45024.13079999996,2022,2022-02-27,2,27,Sunday,winter,0,non-working
2022-02-28,48461.33914299998,2022,2022-02-28,2,28,Monday,winter,0,working
2022-03-01,48280.09300099999,2022,2022-03-01,3,1,Tuesday,winter,0,working
2022-03-02,48290.86438199998,2022,2022-03-02,3,2,Wednesday,winter,0,working
2022-03-03,47374.41475299999,2022,2022-03-03,3,3,Thursday,winter,0,working
2022-03-04,49325.87279599998,2022,2022-03-04,3,4,Friday,winter,0,working
2022-03-05,46980.81728299995,2022,2022-03-05,3,5,Saturday,winter,0,non-working
2022-03-06,44917.47026599996,2022,2022-03-06,3,6,Sunday,winter,0,non-working
2022-03-07,47596.26163799996,2022,2022-03-07,3,7,Monday,winter,0,working
2022-03-08,47502.15993699999,2022,2022-03-08,3,8,Tuesday,winter,0,working
2022-03-09,47457.597867999975,2022,2022-03-09,3,9,Wednesday,winter,0,working
2022-03-10,48111.425546,2022,2022-03-10,3,10,Thursday,winter,0,working
2022-03-11,46490.16094099995,2022,2022-03-11,3,11,Friday,winter,0,working
2022-03-12,43179.34741499995,2022,2022-03-12,3,12,Saturday,winter,0,non-working
2022-03-13,40678.46933499998,2022,2022-03-13,3,13,Sunday,winter,0,non-working
2022-03-14,46721.616389,2022,2022-03-14,3,14,Monday,winter,0,working
2022-03-15,47216.200870999965,2022,2022-03-15,3,15,Tuesday,winter,0,working
2022-03-16,47568.43914099999,2022,2022-03-16,3,16,Wednesday,winter,0,working
2022-03-17,47385.97238299998,2022,2022-03-17,3,17,Thursday,winter,0,working
2022-03-18,47363.18966199997,2022,2022-03-18,3,18,Friday,winter,0,working
2022-03-19,43640.15252699998,2022,2022-03-19,3,19,Saturday,winter,0,non-working
2022-03-20,43635.51170599999,2022,2022-03-20,3,20,Sunday,winter,0,non-working
2022-03-21,45249.66019199996,2022,2022-03-21,3,21,Monday,winter,0,working
2022-03-22,47237.01097899998,2022,2022-03-22,3,22,Tuesday,winter,0,working
2022-03-23,49728.59502499993,2022,2022-03-23,3,23,Wednesday,winter,0,working
2022-03-24,48461.44283299997,2022,2022-03-24,3,24,Thursday,winter,0,working
2022-03-25,48175.05356699998,2022,2022-03-25,3,25,Friday,winter,0,working
2022-03-26,42353.40910399996,2022,2022-03-26,3,26,Saturday,winter,0,non-working
2022-03-27,40741.82922879995,2022,2022-03-27,3,27,Sunday,winter,0,non-working
2022-03-28,49395.695405999955,2022,2022-03-28,3,28,Monday,winter,0,working
2022-03-29,46644.654050999954,2022,2022-03-29,3,29,Tuesday,winter,0,working
2022-03-30,44767.12438999996,2022,2022-03-30,3,30,Wednesday,winter,0,working
2022-03-31,50339.10547299999,2022,2022-03-31,3,31,Thursday,winter,0,working
2022-04-01,46683.497759999955,2022,2022-04-01,4,1,Friday,winter,0,working
2022-04-02,49065.11916699995,2022,2022-04-02,4,2,Saturday,winter,0,non-working
2022-04-03,47854.59769599997,2022,2022-04-03,4,3,Sunday,winter,0,non-working
2022-04-04,45951.78709199997,2022,2022-04-04,4,4,Monday,winter,0,working
2022-04-05,46660.44436199995,2022,2022-04-05,4,5,Tuesday,winter,0,working
2022-04-06,48786.06036999999,2022,2022-04-06,4,6,Wednesday,winter,0,working
2022-04-07,54958.40674599998,2022,2022-04-07,4,7,Thursday,winter,0,working
2022-04-08,58826.273449999964,2022,2022-04-08,4,8,Friday,winter,0,working
2022-04-09,46649.27736299997,2022,2022-04-09,4,9,Saturday,winter,0,non-working
2022-04-10,45000.19915499998,2022,2022-04-10,4,10,Sunday,winter,0,non-working
2022-04-11,46209.96765299997,2022,2022-04-11,4,11,Monday,winter,0,working
2022-04-12,45348.51327999995,2022,2022-04-12,4,12,Tuesday,winter,0,working
2022-04-13,44464.76459099993,2022,2022-04-13,4,13,Wednesday,winter,0,working
2022-04-14,44610.920203999995,2022,2022-04-14,4,14,Thursday,winter,0,working
2022-04-15,44364.729187999976,2022,2022-04-15,4,15,Friday,winter,0,working
2022-04-16,42054.99532599996,2022,2022-04-16,4,16,Saturday,winter,0,non-working
2022-04-17,39840.84728699994,2022,2022-04-17,4,17,Sunday,winter,0,non-working
2022-04-18,45550.343391,2022,2022-04-18,4,18,Monday,winter,0,working
2022-04-19,45521.16066199999,2022,2022-04-19,4,19,Tuesday,winter,0,working
2022-04-20,45088.97410699997,2022,2022-04-20,4,20,Wednesday,winter,0,working
2022-04-21,44031.25331199994,2022,2022-04-21,4,21,Thursday,winter,0,working
2022-04-22,43914.84928299996,2022,2022-04-22,4,22,Friday,winter,0,working
2022-04-23,39660.85233649993,2022,2022-04-23,4,23,Saturday,winter,0,non-working
2022-04-24,40210.28506599996,2022,2022-04-24,4,24,Sunday,winter,0,non-working
2022-04-25,47962.77350099993,2022,2022-04-25,4,25,Monday,winter,0,working
2022-04-26,46399.54295999993,2022,2022-04-26,4,26,Tuesday,winter,0,working
2022-04-27,44594.50561099997,2022,2022-04-27,4,27,Wednesday,winter,0,working
2022-04-28,46513.39192299995,2022,2022-04-28,4,28,Thursday,winter,0,working
2022-04-29,43917.675494999945,2022,2022-04-29,4,29,Friday,winter,0,working
2022-04-30,41303.16006899999,2022,2022-04-30,4,30,Saturday,winter,0,non-working
